--
-- PostgreSQL database dump
--

-- Dumped from database version 12.18 (Ubuntu 12.18-0ubuntu0.20.04.1)
-- Dumped by pg_dump version 12.18 (Ubuntu 12.18-0ubuntu0.20.04.1)

SET statement_timeout = 0;
SET lock_timeout = 0;
SET idle_in_transaction_session_timeout = 0;
SET client_encoding = 'UTF8';
SET standard_conforming_strings = on;
SELECT pg_catalog.set_config('search_path', '', false);
SET check_function_bodies = false;
SET xmloption = content;
SET client_min_messages = warning;
SET row_security = off;

--
-- Name: pg_trgm; Type: EXTENSION; Schema: -; Owner: -
--

CREATE EXTENSION IF NOT EXISTS pg_trgm WITH SCHEMA public;


--
-- Name: EXTENSION pg_trgm; Type: COMMENT; Schema: -; Owner: 
--

COMMENT ON EXTENSION pg_trgm IS 'text similarity measurement and index searching based on trigrams';


SET default_tablespace = '';

SET default_table_access_method = heap;

--
-- Name: accounts; Type: TABLE; Schema: public; Owner: postgres
--

CREATE TABLE public.accounts (
    id integer NOT NULL,
    login character varying(222) NOT NULL,
    password character varying(222) NOT NULL,
    salt character varying(222) NOT NULL,
    type character varying(222) DEFAULT 'partner'::character varying NOT NULL
);


ALTER TABLE public.accounts OWNER TO postgres;

--
-- Name: accounts_id_seq; Type: SEQUENCE; Schema: public; Owner: postgres
--

CREATE SEQUENCE public.accounts_id_seq
    AS integer
    START WITH 1
    INCREMENT BY 1
    NO MINVALUE
    NO MAXVALUE
    CACHE 1;


ALTER TABLE public.accounts_id_seq OWNER TO postgres;

--
-- Name: accounts_id_seq; Type: SEQUENCE OWNED BY; Schema: public; Owner: postgres
--

ALTER SEQUENCE public.accounts_id_seq OWNED BY public.accounts.id;


--
-- Name: files; Type: TABLE; Schema: public; Owner: postgres
--

CREATE TABLE public.files (
    id integer NOT NULL,
    name character varying(222) NOT NULL,
    url character varying(222) NOT NULL,
    "timestamp" bigint NOT NULL
);


ALTER TABLE public.files OWNER TO postgres;

--
-- Name: files_id_seq; Type: SEQUENCE; Schema: public; Owner: postgres
--

CREATE SEQUENCE public.files_id_seq
    AS integer
    START WITH 1
    INCREMENT BY 1
    NO MINVALUE
    NO MAXVALUE
    CACHE 1;


ALTER TABLE public.files_id_seq OWNER TO postgres;

--
-- Name: files_id_seq; Type: SEQUENCE OWNED BY; Schema: public; Owner: postgres
--

ALTER SEQUENCE public.files_id_seq OWNED BY public.files.id;


--
-- Name: partners; Type: TABLE; Schema: public; Owner: postgres
--

CREATE TABLE public.partners (
    id integer NOT NULL,
    logo character varying(222),
    description character varying(222),
    site character varying(222),
    "timestamp" character varying(222) NOT NULL,
    organization character varying(222),
    account bigint,
    contacts character varying(222)
);


ALTER TABLE public.partners OWNER TO postgres;

--
-- Name: partners_id_seq; Type: SEQUENCE; Schema: public; Owner: postgres
--

CREATE SEQUENCE public.partners_id_seq
    AS integer
    START WITH 1
    INCREMENT BY 1
    NO MINVALUE
    NO MAXVALUE
    CACHE 1;


ALTER TABLE public.partners_id_seq OWNER TO postgres;

--
-- Name: partners_id_seq; Type: SEQUENCE OWNED BY; Schema: public; Owner: postgres
--

ALTER SEQUENCE public.partners_id_seq OWNED BY public.partners.id;


--
-- Name: tokens; Type: TABLE; Schema: public; Owner: postgres
--

CREATE TABLE public.tokens (
    id integer NOT NULL,
    account_id bigint NOT NULL,
    token character varying(222) NOT NULL,
    "timestamp" bigint NOT NULL
);


ALTER TABLE public.tokens OWNER TO postgres;

--
-- Name: tokens_id_seq; Type: SEQUENCE; Schema: public; Owner: postgres
--

CREATE SEQUENCE public.tokens_id_seq
    AS integer
    START WITH 1
    INCREMENT BY 1
    NO MINVALUE
    NO MAXVALUE
    CACHE 1;


ALTER TABLE public.tokens_id_seq OWNER TO postgres;

--
-- Name: tokens_id_seq; Type: SEQUENCE OWNED BY; Schema: public; Owner: postgres
--

ALTER SEQUENCE public.tokens_id_seq OWNED BY public.tokens.id;


--
-- Name: users; Type: TABLE; Schema: public; Owner: postgres
--

CREATE TABLE public.users (
    id integer NOT NULL,
    partner_id bigint,
    name character varying(222) NOT NULL,
    surname character varying(222) NOT NULL,
    lastname character varying(222),
    type character varying(222) DEFAULT 'attendees'::character varying NOT NULL,
    created boolean DEFAULT false NOT NULL,
    accreditation boolean DEFAULT false NOT NULL,
    organization character varying(222),
    grade character varying(222),
    country character varying(222),
    city character varying(222),
    passport character varying(222),
    mail character varying(222),
    "timestamp" bigint,
    activity character varying(222),
    phone character varying(222)
);


ALTER TABLE public.users OWNER TO postgres;

--
-- Name: users_id_seq; Type: SEQUENCE; Schema: public; Owner: postgres
--

CREATE SEQUENCE public.users_id_seq
    AS integer
    START WITH 1
    INCREMENT BY 1
    NO MINVALUE
    NO MAXVALUE
    CACHE 1;


ALTER TABLE public.users_id_seq OWNER TO postgres;

--
-- Name: users_id_seq; Type: SEQUENCE OWNED BY; Schema: public; Owner: postgres
--

ALTER SEQUENCE public.users_id_seq OWNED BY public.users.id;


--
-- Name: accounts id; Type: DEFAULT; Schema: public; Owner: postgres
--

ALTER TABLE ONLY public.accounts ALTER COLUMN id SET DEFAULT nextval('public.accounts_id_seq'::regclass);


--
-- Name: files id; Type: DEFAULT; Schema: public; Owner: postgres
--

ALTER TABLE ONLY public.files ALTER COLUMN id SET DEFAULT nextval('public.files_id_seq'::regclass);


--
-- Name: partners id; Type: DEFAULT; Schema: public; Owner: postgres
--

ALTER TABLE ONLY public.partners ALTER COLUMN id SET DEFAULT nextval('public.partners_id_seq'::regclass);


--
-- Name: tokens id; Type: DEFAULT; Schema: public; Owner: postgres
--

ALTER TABLE ONLY public.tokens ALTER COLUMN id SET DEFAULT nextval('public.tokens_id_seq'::regclass);


--
-- Name: users id; Type: DEFAULT; Schema: public; Owner: postgres
--

ALTER TABLE ONLY public.users ALTER COLUMN id SET DEFAULT nextval('public.users_id_seq'::regclass);


--
-- Data for Name: accounts; Type: TABLE DATA; Schema: public; Owner: postgres
--

COPY public.accounts (id, login, password, salt, type) FROM stdin;
1	brics_org	d4279aa3bcb439248f96f9e2b84e9187	cc2bd8f09bb88b5dd20f9b432631b8ca	org
2	part1	fff31c687d3a073180ea49c06667ffdd	1aa56ead516463ddf4b275c70a11300b	partner
6	GehT6sG3BqjcRHXbdFi8	ca4b3be7c7aecf4a3a8173d4ed998b0c	bd8d276761244970f73fca2db629da7a	partner
\.


--
-- Data for Name: files; Type: TABLE DATA; Schema: public; Owner: postgres
--

COPY public.files (id, name, url, "timestamp") FROM stdin;
1	1717418845468.xlsx	L6p7S4Xz9GaJznafR9pU93ShK6R9eeMTcqa.xlsx	1718108697811
\.


--
-- Data for Name: partners; Type: TABLE DATA; Schema: public; Owner: postgres
--

COPY public.partners (id, logo, description, site, "timestamp", organization, account, contacts) FROM stdin;
4	\N	\N	\N	1718120101821	\N	6	\N
1	L6p7S4Xz9GaJznafR9pU93ShK6R9eeMTcqa.xlsx	Данил Поперечный	мойсайт.com	1720617589881	ООО "ТТ-ТРЭВЕЛ"	2	d
\.


--
-- Data for Name: tokens; Type: TABLE DATA; Schema: public; Owner: postgres
--

COPY public.tokens (id, account_id, token, "timestamp") FROM stdin;
1	1	96a64be97cd21ca428ad38010bf9fb66	1717596436648
2	1	0c85830bf1c31f4430a88f1938afd426	1717597143300
3	1	58418a46f19da767111156ae62aa0041	1717597158415
4	1	1381ecdf40a7e23238984af8042caf22	1717597313695
5	1	f040753464a71bfc9011cfb52590ff55	1717598216788
6	1	40c685b69af88663c701953c6d050e23	1717598249101
7	1	cf9faa60c58329567d51df0ed307793d	1717598511473
8	1	7d16c6ddf23115ef921330661d0bb4dd	1717598616961
9	1	e9ddcdc87d93c9cd0398e4fe15e11e8a	1717598688365
10	1	aac0c32d7a25f09c867a3c33accbb142	1717598689355
11	1	b8225397d34b748a310fd4b684f69de6	1717599287930
12	1	e3e530215b0c1e7282757bb360158f36	1717599288977
13	1	4f70bd5d2020bc1287715aedd6951e22	1717599315545
14	1	19b0682e1d1906cb24de095c6c8b838e	1717599316534
15	1	bebcaff42af521455bc57db76042c7ef	1717599368782
16	1	a7693875aaedb1833e3c4f3e558e6445	1717599369778
17	1	11dac45aaa298d913aa4eb1f928a3244	1717599452580
18	1	3f0083b5c7bd03ca7e5a7e136b6067fa	1717599453550
19	1	8002f8fae3c87df14ade50d7b9d27164	1717599469674
20	1	61fd3c1481fab5584e656a9b44432f44	1717599470662
21	1	ddb081d512b1df7913d31a7cb84bd6da	1717599512714
22	1	8e93faef7e9a4fede757811d6f567d04	1717599513750
23	1	2ae16a2c57b1b7c874c033bc9a9b0c89	1717599634323
24	1	8621492faf434793facf6063a771207e	1717599690953
25	2	a9d0d20650aadc8b4bba89daa193a5c4	1717681905211
26	1	f24fb939a51479211f1e50a674809e9e	1717681905276
27	1	6cbfffae4e7f0da2118f178e0d24986b	1718028799436
28	2	1ebbd56dc8cf4ca1051bb241f8cc5c34	1718028800411
29	1	b1af971ee30bd59a975c863fa5697afc	1718115400293
30	2	73f097c82d937ef2f1795b1f0b0a1df6	1718115400296
31	2	a7d7c75ceafab5320a56b36bad5ddc94	1718620023354
32	1	a06223cd8cb9320e48b8f1fb44642b73	1718620023374
33	1	3934fa3e2a7ce14fc3a2112f7828411a	1719147525203
34	2	b67445e254059d4f3c240862a5eab94c	1719147525205
35	2	ed157e8b43e8861db1e9a0fd9a106043	1719147561121
36	1	d7bd67f1384efcb842deecc8f4f884a0	1719147561130
37	1	0247f8a6641a98d5113a09529393235b	1719150839214
38	2	e00cdf3d1becc282d672c2e1cd7b6968	1719150840143
39	1	92ad63441b1bac2e580a9198d9fe0283	1719153692009
40	2	70a46ba518f5220768c9e4f0d8d02bea	1719153692092
41	1	e7e4377db6b41a0cef83198ec5c6b3f8	1719161299448
42	1	bd285548f272e8e7f2fc90aabfd451d6	1719161365608
43	2	1783c889d6b7133ef58e7bcae635d1ea	1719161415108
45	2	d62b97e9b9ba73a5787b979e5200536d	1719231151659
46	2	acc47b36de37cd121d56f80e36cf5bd2	1719231151657
47	2	2f97b11af9b4d5bda23900c521eb3e7b	1719231152220
48	2	4345eb751fe7360d61107b23fd329703	1719231152281
49	2	e68f500bced303221f895587dc308c48	1719242905653
50	2	5cea9f0e9e10181d1e5eff5fed471852	1719243034024
51	2	1e582293dba2208f3b6713d5bb7289b0	1719243034330
52	2	7ce8b6e44b0f1258c907c61b58af72e8	1719243081918
53	2	1e6ee4bf5cfbf680b318c9c51bd25611	1719243105585
54	2	4619cdcf4605fc07dc406f4a8f98be53	1719328872826
55	2	5e6bf04b7e9bb4c332c5c204a4565b39	1719328992868
56	2	9a63ba0643a106b0e6537f9b47f7bd37	1719329660738
57	2	f558111d0208e14394cf29caf7aae85b	1719406182361
58	2	a100cd6bd3f126131477b54344ec9c10	1719406401717
59	2	2d7a172a134a738f0ebf80c2d66abfda	1719416860542
60	2	d0b0d4e2d6aa3a2d3f1b9b014645cc5c	1719489783191
61	1	7346ca91a297a5679fec4e2fbe3f976b	1719489783714
62	2	e644c61298661175f788c1e318b81a67	1719489805791
63	1	0b94c8062bd0d7665fa60fae52709e63	1719489805791
64	2	038c7c8bc5e3aabba7bd753bb2db0bec	1719489806175
65	2	7634cebe0f54fca167ed667ae1cbfc2d	1719501216127
66	2	f7605323457bb79d061c7ea43666b9f1	1719501277302
67	2	58da68d19b97d5ab240f37e040298ac2	1719575728887
68	2	b784a4237fb75d07a53d2e2a88377e58	1719575728887
69	2	3263473f71d3e04860c7730a4a4e5e6c	1719576783487
70	1	0b3c34615b89077969098a8975991d25	1719580163277
71	1	7631a5b7dc36320b97dfd14acff6e458	1719580163779
72	2	df59d6eb6c2998dffabc2b745f6b380c	1719580236534
73	2	5635cf3aba48369d46c1f3c1c7a73c6b	1719580624727
74	2	3318d7fc474783554714b8e34c06add4	1719582642510
75	1	813e33a43d8ef6bdadb3aa38ab7ca6c7	1719584512219
76	1	7f45741a3115516ac43e388a54dcbcb7	1719746697488
77	2	6bb1ec708f616127f6ad039c940998f3	1719756505010
78	1	f6ae473143e5cde8360629f0ef37a519	1719756505023
79	2	7cd65790726a51ffa710d07cf5b22d73	1719833308075
80	2	47ae42bc27211f12b7c6ac3e16b429e0	1719833724505
81	2	6b464e1adac2f7e5c30f5a119971f0cc	1719833726599
82	2	a707ed78d60130a93afaa2a741f2fc51	1719833727799
83	2	bdaa2d32d4e049f538ae2d9bce26214e	1719833728204
84	2	c42962e30db41732ec9b7b8935b085ab	1719833728624
85	2	9ef4a106ac50f954c3e819f2d82ea78e	1719833728835
86	2	d2f8fd5e6300ca456f579a3024835261	1719833729054
87	2	a5e0d02c1688ee2402780cb7fa005a21	1719833729258
88	2	30639ead18722b37c5bcc38929a816f6	1719833729448
89	2	c830081079151786d059968d3c6e108e	1719833729672
90	2	09b03a1af39b190fa68cde53b72120f2	1719833729855
91	2	d904ae9ccf4623765896fa16654aa526	1719833730093
92	2	ff38f7b53a4e9e481101fc65950fedf1	1719833730333
93	2	eb7de633232e941498793116983b2d81	1719833730591
94	1	efafc78ff3132cac9bf0da2589f8cb68	1719834179262
95	2	c280e72bde4a51648ed9de38ac2150f7	1719834309933
96	2	9ce6a5800de8bfacdde61e562ef7b0f3	1719834972615
97	1	f60fcd24734faeeda475fcecb78866e1	1719835278338
98	2	fab39b212ee08b4734c07aac73a36706	1719835908876
99	2	89328ce08650e9081432bcf6ed9d31f9	1719835912599
100	2	85e857f3dbf5b3789ec4cba2b6a8dea9	1719835918963
101	2	d9a0ffeaae83c90c0d93d372672c955a	1719835925948
102	2	f1be67dbd2a11aa6342d9f5dcba82d24	1719835926103
103	2	96ce77f700ac0a8c6084c8f00d4ade4b	1719835926284
104	2	f2c94c396fce866b54320acf5783a559	1719835957066
105	2	f5825209d3cd91185c7f66375b81196f	1719835971345
106	2	ec0cc0e16a359817f1dc79a0989d90c8	1719836059902
107	2	0afd811f371144ad5e44d2c628158a36	1719836083411
108	1	2347dffa603a9aaa5fb9f3ff763ca863	1719836517474
109	1	d5f541df337857bc286569549416d58e	1719836635820
110	2	387fa8b21571fad71d4b18e20c8e465e	1719836635844
111	2	865378d5344b202c54c2aed12bf17cb8	1719836635893
112	2	c61bafe42c334c2a6f08c104156c17d3	1719838770830
113	2	da5e8083d7aa91f2064d23f50e84384b	1719841178857
114	1	b7af25126801e86e42ce7078ed36a802	1719841190668
115	1	c1ec1b2d1245777ff06588ead8d34d89	1719845955124
116	1	e6ab0ffc70c6fabd447a94b577e346ef	1719848801779
117	2	475c2ffc70b7c75dc6e9e6782265931b	1719850312481
118	2	0306a975919ea14541d912cce086e4c1	1719919501634
119	1	271234435c61a796cadb35d6a9ae1f13	1719919547896
120	2	ab1d5b9af3c00bfa2611a3d942d5730a	1719919660270
121	2	b0a02ab50e4e4e0ec5b578885cf73cbd	1720002694515
122	2	693112bd754fe3552129be8674c0bee2	1720002918106
123	2	9a24c0c345f7a2336213f8e9d868e150	1720002948643
124	2	237a2f8245b2df157baff172bde0b30d	1720091324303
125	1	5fcb017546f98271cd70fe9b926beb77	1720091763684
126	2	5e6015f95f82d40b970dee076f26e9e8	1720094951481
127	1	228d497a396113d9519b7180e6fc5715	1720096555109
128	2	5af16ce2c73265511cf853520756b524	1720098215765
129	1	2b0859d9416e51606ebab410c2e9cf74	1720104158909
130	2	20961c825603047c29241cd1282e21a9	1720184900487
131	2	8a005447f02a14e242c068fe9b50ec6b	1720431854106
132	2	304cfe2c0ed20c0ecbcb5b19214e1106	1720439936012
133	1	258c91c3769d28c364249ffbab7a78cc	1720447036154
134	2	9d1646892d23a490575524e2fe1f6c99	1720447492652
135	1	fc3ffa4bea2540d28315b8fd4d65a7bc	1720448889361
136	2	1ad24c1b812bfdcd1e57e8998e7e9b6d	1720518267855
137	2	facd7e3c03177388fc22329ba41af9d1	1720531517749
138	2	03e53a138eeab0515b04fb2a264ea747	1720548419064
139	1	db08c2c7e68600b2d77d5811daec863c	1720548555451
140	2	e5bca20a32427751b44c27ec95ff56ee	1720548555480
141	2	ca4bf0ac680e47c57091a46631cfe566	1720548555893
142	2	eb314de4187f497092aace057cc7149c	1720548569119
143	1	02d8dac1c96443cc02c306d50e6fdfe8	1720548569120
144	2	57dd5f02ed679054e4bdb9e02bdce686	1720548577745
145	1	f71532d29411540e66cd6ae0efbee808	1720548577746
146	2	26ab51de20a35fc25ed452fdd569eae5	1720548578108
147	2	6dbece87d4a3b182763333a87c75ade7	1720548842484
148	2	b4e0e1cfad25cff0bb38fcc827a4594e	1720549766748
149	2	b0df9346d4e64a3c721da89766989604	1720550297606
150	2	2ed1b832b650ba2ce4c3aa41100c8e7e	1720550525319
151	2	c70031aefa0300ea7023983418ca3133	1720550585142
152	2	491a3ee1c8459a94515efe55773a1550	1720550646434
153	2	17defea42bcbc0061f43d3544ff6cc06	1720550705722
154	2	3e995cb6c1b0eae65af5323e23904b73	1720551605356
155	2	357e5e676bfe00f6ba7205de8caf5004	1720554305336
156	2	b66c774f42630d1b28d1ef1e67113ca3	1720555204805
157	2	a55cc85f9521c87ff16cdf10af39848b	1720557905685
158	2	7d311a3d7429231f1222b80db491ac4a	1720558805586
159	2	e5b4319f1a94e42208f09bc499e07ab0	1720561505869
160	2	a7863f98197b89b63f2a9149262491b5	1720562405456
161	2	d79a2210595965cd52930cb6b7ce240b	1720565105146
162	2	7e0e15a3cc3ac64dd3be1faadf1a4843	1720566005568
163	2	09ed7cd59f7a866ae2c6cb78766ce50d	1720568705520
164	2	64cfb4f2fb9db7073e55579390ed8f99	1720569604852
165	2	d71f085a39370482db28f63bbec11d8b	1720572305602
166	2	4e6e904bedbcfa362f83a3ef4fc7449f	1720573205502
167	2	0e6684bb54e6322896a2c386a9630e33	1720575905249
168	2	2b1bbef3c460a46eacf1d39d3d0345b7	1720576805441
169	2	d3ee24992a0549a22c5ff9a06af695a0	1720579505509
170	2	1a95638630520fd71c2e042fb6f4913f	1720580405129
171	2	459d47cb20d1b7624f7d05bcb178a739	1720583105553
172	2	8ea6ae7281b2c5add331bc2af4119bad	1720584006017
173	2	9a86bb00250237e3a7147915df3bc501	1720586707010
174	2	eab7f59e81cf329722fb766e1aa12fc4	1720587605797
175	2	31eb62faed67c5afdf56d7b0841627c5	1720590304708
176	2	6bc8e944dde314f7f7d9e104cd27a047	1720591205932
177	2	21371d8db6be58343360233ebdcd9669	1720593904852
178	2	ff386eda8800e0f0dd939aeaf5c8e25c	1720594805629
179	2	f0357bfe52805ee42d69b5f2b217fe18	1720597506202
180	2	984407b640adf7968bcddadfd2b5304d	1720598406281
181	2	64a0ab523a52f9d820d3a7f3095c950c	1720601105210
182	2	f85dd119d9b8c1b957b11ad568458f24	1720602005653
183	2	41761a0c0fffcdea08f724a110a63265	1720602574883
184	2	16eddf76a02ff927db77737f392f2493	1720604641524
185	2	cca04a7e1fa973014e8b20948f0cef2a	1720604706299
186	2	e7b66d3e62dca35d79233387931f75ee	1720605605224
187	2	fc8e9efa65bc086adba617f9b6d49af8	1720606564994
188	2	e783c95d90f7cbb577de393f61583a72	1720608305087
189	2	0c57a1798ceef1d7ed68b3343b9ad695	1720608875793
190	2	29a2f6c4c0153ae9e00acb9665d36869	1720609205859
191	2	c26e3f944764a04ef82b01b07b804de9	1720609224108
192	2	6078238a157833f0e70f076899395779	1720611906645
193	2	e9ba14038f4c909cb607777459715628	1720612806054
194	2	10734efd51db4e576692780b1d3f6016	1720615504799
195	2	75d78474d4fa722787f88bab725b1c03	1720615565587
196	2	00d0d00db836aeb8210a0eb1b56e7f11	1720615758692
197	2	21acf50cb52c81908ccaaf49b2cee93d	1720616407219
198	2	d43e977202e46cd23faadebbd2b6b128	1720616441167
199	2	a373ea8c2e3d6cfa0895f3f633c725eb	1720619105696
200	2	84710f987deaefc76c808fb197443a73	1720619262152
201	2	f06c17e90a7b610549be55703369180d	1720620005526
202	2	d7f66b79e9eeadeaac842cba7ee5e7fa	1720622705489
203	2	b9d0159cf7cf42ad3335a3d1206b3905	1720623605397
204	2	c078dd5bef2b3338c48d6047cd50a0c3	1720626201360
205	2	1eb83e1fda7122530cb286ea6695437b	1720626305387
206	2	3bab5bf63eb30fbbe6c543141ffb5cce	1720627211160
207	2	de7a376cdaa68a13e750defe16b63018	1720629905606
208	2	c26333051658809553138aecee69c589	1720630806041
209	2	c736663887204798b07c95f8b69ee6e4	1720633504987
210	2	43030ebaa79f274f9f1417d4f4742f0d	1720634407711
211	2	209b7a94b7debf043d28aa5dcf77f45a	1720637107058
212	2	7bb582a5ec387c1afbefd1eb63626201	1720638005676
213	2	3e864d063d432137e0d488f58978ee47	1720640705493
214	2	83bb347944c505ddb10b9efa13c2c8a0	1720641605221
215	2	976966601411d9f2f0269f948e9f8a43	1720644305189
216	2	646d96665465d42c390dfc958281f6db	1720645206083
217	2	477b25eaf9e09ceff9f17b1aea8bc939	1720647905243
218	2	699b2334b14c5dec3fd42c69c9dbf544	1720648804884
219	2	23112cd9a184b4145bf0ab1049303cfd	1720651506234
220	2	544ed04f20ab49414ec2704866d00e95	1720652406175
221	2	8d5b610fa5802ba0cdeadedd885d859a	1720655105216
222	2	c1891b558a9b9d7a3eda2012d181e32f	1720656006151
223	2	77b21ea7d8c508c6be7115d91770d1f6	1720658705067
224	2	d00ab357144405a48a9c74844720df1e	1720659605083
225	2	f697413a9ecbb4df9252793fae3a321d	1720662306227
226	2	2d7ba1e2b695448984618f8dbdaab7df	1720663206092
227	2	f7cdb98fd38f1da9cce4d3c060a441ec	1720665904877
228	2	6f7beb7844858ef3e94b53f2ebb9a45b	1720666806056
229	2	aa601f122e20869dbdf0363688dd1b8a	1720669506138
230	2	3b4fe68fa05ce5ccf1bfef7e53faff24	1720670405667
231	2	8b36521fff2fa217da6c648212fa017c	1720673105476
232	2	7af495a938060d7b69f529956ff7b369	1720674004873
233	2	01cc4e81e590da59485a98ffa85d3f4e	1720676705816
234	2	11c86dcd25737b043f710f32516d15f6	1720677605589
235	2	70e306612e7d44320eedcbfbc6b5f148	1720680305783
236	2	5a58f08d0e2fc1e8bb40a355ec92c914	1720681209268
237	2	3e13b611c6e94efb1d799f3428364133	1720683905904
238	2	6960b072c3bf62eed206213e32002c5e	1720684805656
239	2	d46cf477ccae9050eba4b161622e4574	1720687505801
240	2	f88e25eab5fba0b25e99ae186d11a200	1720688405520
241	2	ee81d34d71dada848d3fee0ed5fb1209	1720688819144
242	1	6dd32d82426ca68c14b701a63b9ddbc5	1720689561563
243	2	29c084bf59bb4343bebff64546d5ab5c	1720690716498
244	2	f2a8a97e6113e3b55959b270aea1f5cb	1720690868265
245	2	98190b40453d7218ecee68144589beea	1720691106001
246	2	788f31bbd61c25742eb4ad44cd9f111e	1720692011462
247	1	c3a1c0a3ad523a22eff005a3346869a6	1720692958043
248	1	d7e3113e280f4325fb83fc29bed8d675	1720693828171
249	2	eda076d1fb93d76b5d8c17b928e83286	1720694705620
250	2	37ab9dbce9da68cbe6c58bea1443ad45	1720695605660
251	1	08000962cd8ca944a704c0b375f841c8	1720697731438
252	2	fda90c9a90a8de52d27d3abae5cee9d2	1720698306201
253	2	ba58bcb7d1e817a4ec6116f94f69951c	1720699205339
254	2	d453f29d38e082e4f2c96a96c3a1f305	1720699569714
255	1	c093cf86d47b11c013a0057b6f797cdc	1720699586620
256	1	18606db60aa32c67799715e8b87793c6	1720701846904
257	2	ae8cce0a64e4cf1ada8176a5e6beb2b8	1720701906121
258	1	5b7a095d60d4aa0a1c11def6348c6bac	1720702192505
259	2	cc44192597f18b39faff3a33b0e85c33	1720702807329
260	2	f45b47924ad7fccf967106ade51c88f6	1720705506195
261	2	f445c03baf11cad79473ce5c058de864	1720706406069
262	1	9c0fd91281535226920f66d012e0038c	1720708699790
263	1	12080d07989ad0802967ae5cb634fb0c	1720708854552
264	2	b5ad59bbac0e37a708ac925ffd21450b	1720709106066
265	2	3051c2986fcbac5a4980be7683dad0c8	1720709222340
266	1	42309c384a32286be042c1b507dd251e	1720709401357
267	2	1f0abe23f8a4beacbd25428ff6e0ce38	1720710007868
268	2	f53072e81395b8c3d8035c435c287b31	1720712707093
269	2	4542d85e592346513ab8763fdd9557e7	1720713606124
270	2	f7d94b5fd838296653764afab588a5a6	1720716307320
271	2	b21e11fad730aa48a9cc9b7bde5999a9	1720717205072
272	2	7a05bf2564ab9d98fa70b8c9b5d62b18	1720719906642
273	2	d535680df051f42cfa89772583ae80c7	1720720805421
274	2	c2425bff0e86925a9acbc1b1be10a8f7	1720723505607
275	2	977b041cb81329da70d516dda1be7c19	1720724405323
276	2	b387d49c4ce977a6a55600507ff018ac	1720727105382
277	2	2342bc0e848b019e2a3665f2ea6cec29	1720728005195
278	2	31d1b84e65b2a48653d2be6f384bc423	1720730704994
279	2	4932a79b048be520fed03484ab574f09	1720731606224
280	2	f2a31bd2f89e9b77b5d7f80a2dcfeada	1720734304979
281	2	0de594ffb744980f38696801ed2944eb	1720735205667
282	2	845589056bc05b33e3f4a2c710535de8	1720737905346
283	2	1e93ce1d883c088587da92d00606c443	1720738804880
284	2	6cb47d6608bf541d45f02a00e528e35c	1720741508301
285	2	f457ebf5e8db86a9a4ed67f33f14109f	1720742405437
286	2	8289c6b70715785b92154330a2ecb2cb	1720745106751
287	2	67b0977662f5456cbb9bd6be09fbbe08	1720746005498
288	2	38edb42d3ece0f7452b94104d7182ff7	1720748706229
289	2	a2b3ab6b0901948887628ca152e38325	1720749606421
290	2	59ec63ab23a6c13d6ddf6dc31444b4a7	1720752305494
291	2	b2c1d1d0def2387b84848cdefd7e0fa9	1720753205690
292	2	76ef36cdd7ea8b7bd8428bce29567dda	1720755906270
293	2	99a001a8554101d57eb057843c79732a	1720756806383
294	2	30dd213755b2123b6573e4bf3355a629	1720759505517
295	2	e272ed4de733ee9cc287a72d30fe7a1e	1720760404828
296	2	125136dd96e8aaaf47d335a19e75713a	1720763105553
297	2	f0f8ca05a370cf7f22c4669774f857a3	1720764005643
298	2	b10038eda0939527587b92b1402b25ee	1720766705777
299	2	4ec56fe58b0eee155027b9d5b8cafddc	1720767605527
300	2	463ae8b218bce5d14d80a033bd062d81	1720770305893
301	2	ad2f9cf3418b970c054537bf62f5ed19	1720771205582
302	2	76a64bfe2e2b8c67c64bef8223b420ea	1720773906228
303	2	63fd47927402bf6ae77465086f910f0c	1720774805986
304	2	af27fd97b942d799ea6992fa7a0e05af	1720777508720
305	2	fef3fac915729ffa743ad743d9a0028f	1720778405350
306	2	c54d3d457d31a4f58d943386db24f90a	1720781105423
307	2	c23c72a1511d5db8d492490c7e1016cf	1720782005098
308	2	cc3bcf115d2ee6276db13e3dd95c4b92	1720784705201
309	2	9c0e7342ec7d637a34576e11efc3876f	1720785605070
310	2	cdc03abd9d95fdb7e8d1718932c75590	1720788305251
311	2	58f97d6f79b1b4632506dd6958dfb69a	1720789206185
312	2	1dfeb9f721e3d02f1b8610a456a8f375	1720791905558
313	2	39556e976c31930e19a776b1c46533fd	1720792805610
314	2	1fbee086f1ec1d534e6d97ce1e085392	1720795505067
315	2	b5223e108b1cca58985ae60cb89008e7	1720796405757
316	2	f425cd2b694f2b6411ecc1c95e24fc29	1720799111084
317	2	0fb75aef42fac688e538a5320cc14384	1720800006043
318	2	3e7d832cbf5fa2fbbbf72e0c50c26475	1720802708884
319	2	fc5e61f7543a923cbfd6dbce6d3adc9f	1720803605384
320	2	dd005dee80dcd8aad5bc9f69ff9b998d	1720806305430
321	2	e3fff0053dd621d9c867f4815a1360da	1720807204761
322	2	c038061a082c5c6ba398406dd6a23819	1720809905645
323	2	bc055c23baee502e67566837268a1a7b	1720810805317
324	2	a551561ac093cfd969c7734c920371b8	1720813505425
325	2	270effb1bfdba19795de77ad2b315f50	1720814405269
326	2	d6dd4473def517cc7cecb54a8b5ca6ce	1720817106202
327	2	13fedd2b86ba34c7941b8bcdc507d9fd	1720818008060
328	2	055a23c367cbc6201f93b448d87f0332	1720820704700
329	2	048b8a862b9da98a24a00a0f4e1cb6ef	1720821605565
330	2	573c61a8c02aa11226dfd69292df9ebc	1720824305441
331	2	acdfb7d539a993ed5372039ceaf27a23	1720825205463
332	2	a5eca526dca7c0e7c11daa5b83166465	1720827905471
333	2	a812d2721eaaff7856b0c71840380de3	1720828804914
334	2	2ea9fd7e2eadd33cd90e4b60a3206304	1720831504736
335	2	4ec3b0b62b9e0f8b57ee4b42df6d82e9	1720832406205
336	2	beb746813774a5c3de1398e604bebecc	1720835106144
337	2	72abfcd23c2e125cbe275e16575ba78f	1720836005814
338	2	b871880e561f404430532aa876f0873d	1720838705623
339	2	7afa14e0471279f9ba1f2bd3d94dc43d	1720839605154
340	2	3e8d12b3ddbbec87c5601a40ecaa1be0	1720842305643
341	2	32559e7bacde9d2470194a49bf323349	1720843205261
342	2	88043ab7cd7ca69afef36154687f26d2	1720845904953
343	2	4668e16e4516b5a2a0d63d3045783e20	1720846805153
344	2	7b7785da61e59b384ee19ad5d4ebf6d3	1720849505224
345	2	a66a54485969ed0a3ebe630cb99e13a7	1720850405876
346	2	13e472f4400efd3fd6487e72f5095788	1720853106087
347	2	68233927a68036a57e371467564c55c3	1720854005357
348	2	9919fef94cdca7385ccead6b9ffe73db	1720856706660
349	2	8ed2551af5a3600e9bdcd5c8b9f37d54	1720857605304
350	2	1304ef7cdd5f4de64e22a39c960958f4	1720860304866
351	2	0eb9e00edf37149127fd9d3bf5ab47dc	1720861206337
352	2	686014a9825d033a492e7129b105aaf9	1720863905375
353	2	e6e9ecc2b1693753772558c3b6a4abda	1720864804985
354	2	5aaa212a813f527b65ac005213487192	1720867505215
355	2	47e61fc279e174d5f707fcfa01dc3ac0	1720868411802
356	2	004c68ac32d4e16baa7573b36ddecd05	1720871105307
357	2	8e45606779d3758344f9166289827528	1720872012186
358	2	eda692db322ebf2981e1d7f96d84df4f	1720874705083
359	2	984d78f886ec96ee5ee577e599d4607f	1720875611608
360	2	1a2caf1bbbe3276b5a80f10ac3d10298	1720878305539
361	2	7f0e944f8c5beb38688bc1201c68aaac	1720879205216
362	2	3898aca8b2ff6645283595e3451304e6	1720881905296
363	2	3f0605437f6f82c0abf761ed7eb124e9	1720882805151
364	2	8599caebb4b891e20b9fa81166e9ee75	1720885505539
365	2	6068a26b0a0ccb4e862c73dc43c9f2a1	1720886405434
366	2	0ba3823923955686a17cbac4f81da1d5	1720889105707
367	2	3ba2b5870159b14df80166d4f036559e	1720890005548
368	2	a1833176a969fc2bdbba67888d203237	1720892705398
369	2	a9cabbcf4571bc4df5c4fd1e6f24ffb1	1720893604694
370	2	93d620c360fbcfa04f05674cf377b793	1720896305980
371	2	43a5c94905b3a23fa17d1827241e0a46	1720897205484
372	2	a6c2aaeb8b8a2b5091c650ba7dc36cc7	1720899906954
373	2	55c7202c41d29ee110f94fd323503718	1720900805236
374	2	8a75c64c754212636e22ef1ff3d3c8a4	1720903504853
375	2	035c0b35e24077398f21f169e7e52d49	1720904406501
376	2	cf25258112baba929e018728f2d437df	1720907106957
377	2	bdb0b6b34c5e2b1d861acd285087444c	1720908005814
378	2	87c0d980187241a368e89dc0926beaf6	1720910705572
379	2	1e7e600810ba213abbce067da9b0059a	1720911604922
380	2	a37587ce68a9f243af9dd29237968e42	1720914305914
381	2	9d3011a0384b1294c5d736acca31d21f	1720915206004
382	2	4fa5a212cf556721ca5320e99b51f77b	1720917904861
383	2	dba4b563732c5ebee53135ce02e657f2	1720918805917
384	2	5f82b15784c7d22c9ecd49709d9fc31f	1720921506132
385	2	97d4d84cfeaa679ad452fdd966602978	1720922405615
386	2	09f8972a9d19fd3cd4f35af68eb2e9ca	1720925105317
387	2	41a9a070e2f4b65eacbdce198ef048c5	1720926006490
388	2	867744a9a29f8d4bc39e97d52df4f970	1720928705470
389	2	c48548093180c7c096168c0287b95631	1720929605029
390	2	d7bd2c33f03f12108ede6d04e3f65258	1720932304806
391	2	1c89b7451e943538ae1c42c5ff60e573	1720933205212
392	2	73c9aa59b3bffa739eac329fd25cf8d8	1720935905197
393	2	5a3c89bb734c2bcb8360742f6616e83f	1720936805428
394	2	4cdbc6a30e1feaef7332fcc7a821bdc0	1720939505499
395	2	038767bc921a963d1f8bed9d8f59c0a8	1720940405244
396	2	957cbd8d665f93f43d4667ce08f2b67d	1720943110063
397	2	cd791ba51f24e22789c4d78735aeca5a	1720944005504
398	2	35a7a9583dbe5a7d3d82b5006ee6f44a	1720946705574
399	2	3f4f659eb042c2b3538c21a2ad2723e5	1720947605214
400	2	9aa89e4c0f804091e4aadffcf24407fe	1720950305214
401	2	c00cc5e7f451f9bdde0aaed460d7aaea	1720951205510
402	2	2e1f6fd79a02fc5d96eed78fd511a7c3	1720953905679
403	2	5511b071f495604f8acd5dba085c6773	1720954805495
404	2	de8b547b90d53dcc4bec228bda0972ae	1720957505875
405	2	660e483c7e87ae2f225eb03ded567677	1720958405401
406	2	91084a70167d01072839afaf1d8a32ae	1720961105141
407	2	977600f2eefbed7e0959f722c68fe303	1720962005449
408	2	1ed0d733a93ebb4ae96ccd406767309f	1720964705207
409	2	72605599a1fe7fd6ef1c2138b3196216	1720965605523
410	2	7aa227b94dbf538874cde6a8c18e1e9e	1720968305486
411	2	10e365199ff00b33cea7edf4fb42f267	1720969204991
412	2	174edee54396b5080197b499e4bf3a33	1720971905849
413	2	2ad79984f3b54034b0a031a5ea550dec	1720972805259
414	2	7bdf56d2c447216b09965e3311491368	1720975508151
415	2	ad6c1837342aef98f75293f3e707fe07	1720976405875
416	2	5ee11023ab864cbd6ac9ab6b21933beb	1720979105771
417	2	c905530e48145a2bed1397506beb8a54	1720980005771
418	2	f736d7c9004c3bd8a6076c18c597f745	1720982705334
419	2	d86fb5c7bd104222657f61b5a9fda6d4	1720983604713
420	2	ba342de2bcdd1d5032237acfa7836286	1720986305244
421	2	1626cea77eeab8fccb19dfb2a0e3c57d	1720987205874
422	2	823cca4365f0f8a8b0dc6e93623eceb7	1720989905498
423	2	9ed5ef366a3cab1318997e6f0788a334	1720990807587
424	2	cb3117da35295d01aba3dd3b8a8da93a	1720993505912
425	2	d7ae5cd04a9105753f9e1b89d8a29c25	1720994405532
426	2	cf9bc2ef35add264b8d01ac2d8b4c48d	1720997105833
427	2	27bbd1346571d6d954382102f07a5061	1720998005904
428	2	8fd4aa43a719f15c5a52c2415c0c2dcc	1721000704943
429	2	557ca32c24df545c42f9cbb959b4f188	1721001605975
430	2	609da2a33df72ddef03ccf8c8a186d79	1721004305686
431	2	0471244e84b975e8451e5c9568e573cb	1721005205589
432	2	1310e5803ecaff0bcc66641f8f92d334	1721007905464
433	2	58fbd1caaa9ab556a2594915789bc29f	1721008805483
434	2	d40b8c6f7c74924bcae4dc356b84897c	1721011505554
435	2	090a953230260f8af4bbf0fc379ee216	1721012405616
436	2	4885db86babd342b6e5ee54ecbe029fb	1721015105063
437	2	e54195da509c2d10e8f6f30a9f5d185e	1721016005758
438	2	8392bb119030fdf590178d4edca49b02	1721018705970
439	2	bf937355b88bb09ce5d57dfe3f5b397a	1721019605352
440	2	9b2a7430fca20ca74755d6be93935e40	1721022307024
441	2	dd28b954d43b1a94cc6a283a4c9247b2	1721023205548
442	2	46a95da9f2198ba11b04c9814ab297d1	1721025905635
443	2	f1597747090ee09390121d604d4f0c8c	1721026819983
444	2	f62d5d657dfe641f30a7e2862d69413c	1721029505227
445	2	5e07633f41f382dc761d71f7c8ba7b73	1721030405988
446	2	6e0622cc16cf75c7f8e8920e066775d8	1721033104981
447	2	1ab1e6a3394b331cbbcdc8373b0a5952	1721034005589
448	2	4867f305085d4d0408b562625e5fe305	1721036707217
449	2	1d50b35e6e9cbd85d57da0fe6f68171e	1721037605123
450	2	c56372d2dc6501cf477beaf2684b70ae	1721040305076
451	2	201117ccc415bba9af472a5660e39d41	1721041205732
452	2	80a26a9c9ddb0722ebb924d3a37f4d96	1721043906162
453	2	3d3ad2cbcfc50c855fed6b8f0b902c66	1721044806099
454	2	7f15ee5652ae105688948fb85e30e4d2	1721047507028
455	2	9c7d66643561eee151942d4821695f3a	1721048405777
456	2	5601af3b81c190e0e656d8e4fba9baa0	1721051105010
457	2	4dacad7cf30bc2ebaa6c0f89c5a9a117	1721052007675
458	2	92bc04a26466cd57eab2c9038b680043	1721054705470
459	2	e81735c4a785dcee5e880f3d8b3b6928	1721055611218
460	2	dd65176240fce7a8c9fa8e06e2a9c5ae	1721058305906
461	2	5504e100d991448e6e6e8610bbf24db5	1721059205589
462	2	0aaff0ae1d566f46a4c54e22c9b23315	1721061906803
463	2	d52edb837651153935be008344196080	1721062805949
464	2	6405ebe6df8a4e7ab090223932545e12	1721065505145
465	2	a5442c4bae9ddea844edfe2facb8f51b	1721066405832
466	2	e6d3ae1aa1f3b506cc7dd3c7e285701a	1721069106016
467	2	85de981db30f053780c00654479a516f	1721070005574
468	2	129784d36ce5b6ae5a8f60904b0a5cd3	1721072705402
469	2	e9c15c048d83863a8e11f810b439c4a3	1721073604968
470	2	e2c444e2d209ec0a5188277c1df285e0	1721076305012
471	2	44cf3d0bdfdc86a0514bc3916b3c8cd4	1721077206603
472	2	ec2a936bb2e39c4002ccba1a9644fabd	1721079905550
473	2	2dafdc6fed9006d34602fc840c17368e	1721080805346
474	2	72d473c1ae0e685526dee2799a5e998e	1721083505360
475	2	8ff43e9ade2d32f5d98a8e6f03dd9a84	1721084404947
476	2	3191e0beb657f31d8d18a9da6876a4a8	1721087107037
477	2	b42d7a98cf12c289bd32d0ab07c4ad5b	1721088005365
478	2	f756f22df29058a41cab80a697534ef5	1721090705775
479	2	8d08f6bf2780a66285447830c6a11f44	1721091605517
480	2	33adcdad2045888e82f52c4d3ed8041d	1721094305480
481	2	73f21fec032f81ceee89562cbddfe3ed	1721095207691
482	2	db5762e56bca868da5fafa35467458bf	1721097905660
483	2	a91efbc61210bdff98dcee819c761b83	1721098805263
484	2	3ef091f127584f9482922a3818bf0c83	1721101505447
485	2	0fc1af5ca09103f9f788d7ec750f52c9	1721102405082
486	2	d28ef37f44e34ea195f0fe7aaf92f031	1721105105601
487	2	305e22d8efe063f796f2b8670efae91a	1721106007307
488	2	3e33ce5722bd07dc21550df0d76d12d5	1721108705227
489	2	c5fc3dd03a1f8ff1d931f50702b2eb54	1721109606133
490	2	ebec271821c911a56f1cb98b381a28df	1721112305291
491	2	30cfa9ffa573ce7204addaebce791865	1721113207306
492	2	c02a74d856a4bb2ec2d08d16fa2f3139	1721115906372
493	2	eef3078fa7294c3a9ba5f5a1cb6478bb	1721116805435
494	2	35d6fc72ec486194a193cda3a408ac56	1721119507893
495	2	8c067c926b8f1604f78291f0e42cf0df	1721120408120
496	2	d34d60f09deceefab9a1d6475a858141	1721123106565
497	2	28d3ab6da545cddefcd33b8b84bc6082	1721124005847
498	2	0f26104cef719cc73ace47f77427b99e	1721126705783
499	2	48877841eb46d015f5fc41d921ec526b	1721127606310
500	2	7983399a7098e975f2373164424b1e77	1721130310247
501	2	d3a2276970e350458b76f0cee46fc84e	1721131206077
502	2	537da67228c15bef1c81b59fd6ea52f2	1721133905366
503	2	60832ee697228c665c0437e81b042112	1721134805639
504	2	ea2dc2235c89716d4464fd8dd4dab342	1721137505314
505	2	f6ebbd802038c7bbec4ea16fcdd7ebbc	1721138405775
506	2	1471dabdbccc67b2480f5d931daa883e	1721141105183
507	2	76945d0c2c1a9f2e38469c36fdd5aabb	1721142005999
508	2	ea7813efbf43eb195f87c98ed223b5ad	1721144706793
509	2	8588b74715ddbd408e62cd8798e6ab0f	1721145605817
510	2	19c3193d02e8dd4f4e728bb923160181	1721148307054
511	2	27fb7ac323db54460fa3c0166cd24120	1721149205735
512	2	6e54a5bfbbeb81451a7cb638e71722ca	1721151907343
513	2	f915c38c2fbf0f08769a9123489e5061	1721152805445
514	2	254dfdf1024d3f210316b253112d67fb	1721155506666
515	2	4ba4643b267070d5b74c1d5f197c9de7	1721156405571
516	2	6d668ca06b0d1e4aac8443be3c180381	1721159112747
517	2	59ad42ff4bfd3c359a06a6d110fca9ab	1721160005801
518	2	bbed3b7f17b9ef5f1dffc4da533b2e1f	1721162705120
519	2	833d08bf203ce0299abc082239f7cd2c	1721163606250
520	2	d638d009c1dcc15ffad92471c2961884	1721166305410
521	2	861e384015c246106ddcf2bde60618cb	1721167205520
522	2	f265fac9cfcb951b15aec970452e000d	1721169905692
523	2	4fa3f9ccf1a8be26eed6d1ed884c4ac8	1721170805316
524	2	726f31dc64c6801f7c06b5a6da4e34a7	1721173505710
525	2	e10e99c8d57468fa8ffd8c66f67b07b4	1721174405865
526	2	d37354588ad8f869a3d857c00555ac35	1721177105968
527	2	238c120af37f115807e34a3e7ce52bab	1721178005656
528	2	e88b5b7e76974bd597971ca4b90ea860	1721180705559
529	2	97ab072dc2b3d0ba9c5180bfd966cbd8	1721181606525
530	2	79c505121494ef116655e4da2104d84b	1721184306024
531	2	026f04563a77d00f310b1302d8e3ff4d	1721185205417
532	2	fb33fd2653e94b4d4a6c387cdefe9abf	1721187907313
533	2	f6ec76b5960116012d64d685bd25fb92	1721188805938
534	2	8d5cf70d1a01eaffb0c6357a474b11a4	1721191504938
535	2	0c742da75b633466259568833ea50540	1721192407045
536	2	52d2fa27f4a708ce175c13aaa4859e5b	1721195105460
537	2	c209c6cf9d19be492cb5ecd5b879d54c	1721196005480
538	2	ff2ca8cca38cb587423bd13a65dc73a4	1721198706197
539	2	d4e2aae4760005d42785ff98012294be	1721199608026
540	2	3df77c8feac7673dfc3d3cd74e9ea9f5	1721202305297
541	2	5f59ad855121bc2268d9c0e00a701ef0	1721203205352
542	2	4b737ee2dda1083e42836b2621270b24	1721205906796
543	2	7d60efe270ab317a80f5e351e3185843	1721206808396
544	2	fae153671e97fb59cf2a7c22cab7233c	1721209505558
545	2	a0b881338966b9d173602fa8c11e63dd	1721210405259
546	2	7750cf36f3aece70a07673910eb6e853	1721213106564
547	2	0209c766bf9ccc544e4418ec88069334	1721214006000
548	2	56e908742b604b22023151489a57f288	1721216707261
549	2	1c7b962b552e8ccb97a5d03492368153	1721217605379
550	2	b3e0b488ef1d848386e7dace7f27b47b	1721220306422
551	2	4cee54895b106b9af1db96c43c9b1ba3	1721221205770
552	2	92708a7a7e391c4ea47e6336dacb233c	1721223906650
553	2	ec615dfb24a0ce2a7cfbc41f9e06e8d9	1721224806597
554	2	13e36c50f43b84d427f7518594ba3396	1721227506515
555	2	cfd6ede42215eb34d594842d13fb6950	1721228405715
556	2	a814618d25e4610b6f9a012be583b273	1721231105415
557	2	7d0f9b9e93b033550a4252eec9f68b52	1721232006758
558	2	de8a4f9c2f4611322478541f85d9611a	1721234709340
559	2	31327a7913cffae2b5dd9243b82e1ed4	1721235605267
560	2	144efea36328f7e89d76f7e8bac0773f	1721238305787
561	2	56dc699b3882591f5399be103ec98d4f	1721239206105
562	2	59636269b7009bc0afefa0f34a3a69f3	1721241905363
563	2	37d4bdc8fcbd8fa3e12edbd553ea0d3b	1721242805419
564	2	1e0ab64f0b95ce90da3d7bd6457733e5	1721245505687
565	2	018075aa22ad59587a13e751b6567217	1721246407078
566	2	e9612a92c7d2611f5a5802b57363bc1f	1721249107074
567	2	b721a8cb6e426f8416a1c5e0bf0955ca	1721250007098
568	2	c8d3790d41775779b5f9fef866d422d9	1721252705110
569	2	a4d637fcd3d391a35b990c97b093670c	1721253606265
570	2	b4cf060430dcbe3e794768b55208a41b	1721256305358
571	2	93a12337eab550bd19f6bf1c39aa0400	1721257205846
572	2	ce4524a91b05cb69e64025f6f13a4a5c	1721259905191
573	2	5b6ee3903a2271d19fc3b84087c3c0dd	1721260806360
574	2	4a5b12d44830b3144d00750ebba12dd3	1721263505916
575	2	eb274fae3adb60e3545396c65d053444	1721264406139
576	2	4264c5b674af9b253b918c4bf313541d	1721267106129
577	2	d266dfb1f6957dbfcb557dade9231dc2	1721268006258
578	2	79e2b256ffd5018d2e8f09003b7fee52	1721270705326
579	2	6607b377c042dd91bd4b44b2ed0f6607	1721271605296
580	2	789aafaa3af1d1ed3e99a31fa4fd43c0	1721274305985
581	2	479dbff2bc3dfe7e1aeef14af9799c35	1721275206054
582	2	66c1d2602d77db2a5beb12be5c891590	1721277905540
583	2	b331c80eb08209a55ff88acd195e7021	1721278805347
584	2	902bd96e8385ad6fc4d0091691b3e2fe	1721281506939
585	2	159bc28ae33e578f5d00065c2c9ab234	1721282405611
586	2	2ffdd4e6bde1dbe58cb53c5d1d352d41	1721285106869
587	2	04d63209f7970ebb932f2db9a86f5f83	1721286006308
588	2	f0bb9f7ed000f3d626e996b1858f9332	1721288707669
589	2	3bd22a4fae4649639fa934dbf8d7f45f	1721289605715
590	2	7e2b807c6b80b731986b3a0816f1b0fe	1721292305085
591	2	b347921dc9f00b9dd10c0ae0517dc613	1721293206517
592	1	34dcba16d75af45e5c265985a4ea7d34	1721295646248
593	2	90c85712ad428bff36e8cc77e187494d	1721295908724
594	2	5d1ce0a0cd990a6f5cf101aaa1f90699	1721296809297
595	2	e2fd3ed7b2364c7766df1f93c056e829	1721299505971
596	2	eb1d0bb82391a8073042af986b82ab76	1721300405970
597	2	244c513379de13d011b56da192d6d32d	1721303105680
598	2	c604239c028e18b0d8a13370a4036928	1721304005306
599	2	5d6bdfdd85acf36fdc216198a0c546a2	1721306706236
600	2	0d330c1311446c88622b4cf8a55bc4d0	1721307605129
601	2	db57b196c8558f6ab6414b161799f276	1721310305658
602	2	81c08a7c0760ab5c248fbf62eb6dae4c	1721311205603
603	2	59fbca8538a236b4ef2c3b6a6eabe809	1721313906301
604	2	929db51fe5fbfed5357fb1b99cddf4e6	1721314810785
605	2	a8e3ba373ee167952c522002663b2128	1721317505447
606	2	8883dc5b996829b1b6b6ec741661a41d	1721318405417
607	2	75e7c67f6681f2b818e9affd837b051d	1721321108537
608	2	28e7629a1470ea3bbf54f328b0fe8ef9	1721322005816
609	2	c52cdef78c51564b5e8305571ecc177f	1721324705608
610	2	3fef39f5c38336a824924aa57d3cd970	1721325607293
611	2	13e9fcf7624c45d7fab9c4b15bdd75de	1721328306082
612	2	d3e05351e28507b1c3965d84f1dd9b06	1721329211060
613	2	7bbdde664bedd26f13a76aae09403f46	1721331907994
614	2	3b4ad3846d83c677849d35361cb11034	1721332805607
615	2	0ebbf0f06d7b0fb96ae4f9365fa7fdc3	1721335505829
616	2	0444123e93ea34faeec168b35729da5a	1721336406718
617	2	cf2ef395c0b9e2c3f0adee5a385e9f7c	1721339105834
618	2	6de34d1fe68753f7606bb4e443555f97	1721340006070
619	2	fd6b4d23e18618cb423cb80adfc2f4ff	1721342705277
620	2	b7d58b44d7f5af7204295b0538d5937c	1721343605960
621	2	6d08f58626e2d4397b4bbf07c1d2e1e0	1721346305211
622	2	0ecf7460a105d53cd80e8673975971da	1721347206121
623	2	e5d758047904910acc4f5f4e6fdf7870	1721349905910
624	2	06d094a23a0280bec94948f21d177ae3	1721350805451
625	2	6209114b28e68e4bb1b45d7180ed92da	1721353506116
626	2	dd2963029204e82729f09ba8404d623f	1721354405670
627	2	2dbaa3b3d6cae1de65daad399744f406	1721357105431
628	2	333fd85baefac0aed168f80da6d837b1	1721358005833
629	2	67884c5725fde7a3b12db3274447ebb5	1721360705346
630	2	00037f45724433d8e4522620691cc37d	1721361605766
631	2	fd8b9cd6479204689d1f4e539d809991	1721364306032
632	2	f5da449809757fd64e48ed9479c0f3ff	1721365206146
633	2	bf06157eb6ef742dacf29622dc7d8b15	1721367905800
634	2	2b991e32ba51e42e710c4eba455a8344	1721368806468
635	2	7856070238823727a7e81e5da3c5fcca	1721371507292
636	2	a9d696b9a240d656be49fa3244978c43	1721372405916
637	2	bd1853bcab65a4ff1d2937dec43e7e7e	1721375106671
638	2	d7861ce5b236fa1eaf821f522268db8f	1721376006743
639	2	741b387ee3ee555b1d74abb4532b9f0c	1721378705970
640	2	2950270665df8bbb512198cd65cbe5b1	1721379607693
641	2	3cf34d82c360d590a26b4ce484516f37	1721382306074
642	2	3d381df41f0c555c43e24cf6edd64e96	1721383208540
643	2	96824f0ffe47bb9f56b1abb66d9e7bf0	1721385905968
644	2	c45550f5e8ea4e4521afd96c352ebc36	1721386805842
645	2	8d6601bb3575b44b6871deb409eee220	1721389506717
646	2	ecbbaf945682435f1c6ba15e0623344e	1721390405636
647	2	a0db2456449d3914d9eec6b1c873d3e7	1721393105706
648	2	13573679b6b3da4c614e60d958d99178	1721394008161
649	2	e8f3b9239e7413a7dd4ad6baaf33b677	1721396705566
650	2	bdc163400a9c3201d68176ab58a9973a	1721397605892
651	2	c88aebb02a4e67e6801d7cb427789d75	1721400305256
652	2	0e51c1ac925db83ca649462b2a8dfb45	1721401205178
653	2	aaa4bdfd9e96aa432da92645f63b23a6	1721403906126
654	2	17dbe47e26a945572f0f8245d796e3ca	1721404805955
655	2	89abd15bfc675e8b8b23de2a16abefec	1721407506623
656	2	bffeecc1764507e1f30fa2b8705a2107	1721408405661
657	2	ce6692943dd289059d5cd113ebbdca53	1721411106152
658	2	aec34df1afdd023ce5e243d918d736d8	1721412006251
659	2	65fc7085ec0b1ab90ba806ec0c223d2f	1721414708403
660	2	31bb018a54ede8c0ea175fbe4140e170	1721415610595
661	2	e4753639183801feecef33673dafbad6	1721418307557
662	2	767a6fe05b14dda01cea2f3fafa6927d	1721419206492
663	2	3bd170da2fa7b509b5e400f8d10b34c4	1721421907429
664	2	2358321e156c2119f0618b124612ffc8	1721422806899
665	2	f2f9f15a841f73eeecf6277728f84529	1721425507326
666	2	64486dd1b082a1e3c1cdc65e759a30a6	1721426405694
667	2	9a1c71f2fbd1aa6a9a55c3d9c40fc632	1721429105469
668	2	d52f80d6bfe169235b3271dc25434324	1721430005437
669	2	57e2d26309701ac0c8987600e513b942	1721432707349
670	2	1a29fb6037e128a3cf28319e26cc0440	1721433606541
671	2	5b633ffe96e16ca216e5fd2281d77546	1721436305737
672	2	6d59710fd5a2bce1f889f1bd5d18b388	1721437206496
673	2	27caa45a3137112837d485ec78cc7469	1721439906694
674	2	d4195525b8c9ce46de32eca3adbea214	1721440806947
675	2	c092c539d3e350589344e6e9afe31a63	1721443505468
676	2	b53d5540fd88b2ee2135b194ba37fe97	1721444406186
677	2	1f0e40b7da7c4680613225bdb289a7bb	1721447105846
678	2	fe02596baa30166afdf6b1e638854c8e	1721448006890
679	2	d7970708ca409cdbc31f2ad9f7d03323	1721450705827
680	2	3ff07905bcf4fdbfef13b39bf1a1007b	1721451605880
681	2	93ee0c5010956e77d63d5fbc946eaf4f	1721454305498
682	2	30465864f02c6702b56676514a91d1ef	1721455208617
683	2	5648679aab4014ed1f34b7e98d0aa1f7	1721457905420
684	2	ef679677076785d817546ff56d56b1ae	1721458805520
685	2	4ef3ecf1f7768d8cc906cae4cbd2cc5b	1721461506911
686	2	8934ec403950d33332be328c23f8ebdd	1721462406236
687	2	c07e0dedc6bffbc277769cef701ea5df	1721465108161
688	2	d9411c5fa228d00a1542c7d06c63f629	1721466006430
689	2	47a95a25dfbd5dc645da8c7453d98466	1721468706996
690	2	5b4efd64a1f6451df3a0ebd460e71a09	1721469606953
691	2	46d33265caf00e322157aea78f23c10d	1721472306089
692	2	311fb8a88b6056989dc97cb3156dd097	1721473205172
693	2	a44f1cea08636e5c70ee31db6773f759	1721475905548
694	2	b92cfcee4cd0177775162e836895c865	1721476806236
695	2	d07e4552ab3e0d404fe71444e3ea086c	1721479505406
696	2	2f47cac1aefb3fe99413d239a8e3f406	1721480405475
697	2	bdec5180118bd4de7a8b6bf4c9dce042	1721483105583
698	2	eb53aa37ea2043c5272163ff65ba0200	1721484005573
699	2	8c546c66a42ab4e3186e297b644cebfa	1721486705662
700	2	29bece67c7eb00cd01e109d79385639a	1721487605991
701	2	561f1c05c0daa7b972cf4a65d5453f2c	1721490305134
702	2	1fcce61b265e6ca7848e8727383af7af	1721491207688
703	2	ebe5ae8a2df2539284dd2d3871cb51a9	1721493905868
704	2	0a74941c20cc966cb23d549336ee090e	1721494807471
705	2	4e098d98cda84aaf0e26bbae58c56ea2	1721497506318
706	2	a6eeeccffe37510541b9c7004c6e1ac3	1721498406390
707	2	5986c62ca41c37b4e1e260c77e411f1f	1721501106025
708	2	12d10fb9a9c31d39e81988513f59e6ba	1721502006508
709	2	594c9f47856c1efc851d742c3240c32a	1721504706487
710	2	d3ac715df370389cf17f16bcdd8d3166	1721505606217
711	2	c4cc58e1a003b68b0b655895bcc0f00c	1721508306125
712	2	a40d24f63348be5d3dc8cd8473615d25	1721509211604
713	2	8df812d309697bbc0dfd1a2d194b591c	1721511906761
714	2	a82143d72a5d244a32d533bed4dd7477	1721512806235
715	2	81a0b8ae9477c5a9309e38615b7db8a5	1721515505651
716	2	225699f413b279583df22fd3d72cb360	1721516410938
717	2	1f973e9b35c6188233931bad93031516	1721519107416
718	2	9e37f0cf9b370f207f96bc6b104cf476	1721520006272
719	2	2c9b37247d9118c52e3e3c6da4d3140c	1721522706235
720	2	f2231de5010e4d4b6b32d2d8a86ace3d	1721523607017
721	2	854e922576e4d157d6378a962c3324a9	1721526306850
722	2	1bbe66b6c970ef0fe8c00f31f68d97c4	1721527206597
723	2	7003512976f7392d20bba8423ff78a81	1721529905662
724	2	f1058296075ed60bc8ec299f3b30d287	1721530805720
725	2	379c1209a58c666f6367540368b01d39	1721533506294
726	2	cd87d6bdbcb1b06dae43da6e02a08245	1721534405844
727	2	1d0fb965eba391e7ddb00310c94ee954	1721537105593
728	2	6a1a140c07f5de5cb58bbbe1ca83ec6d	1721538006308
729	2	2da1dc9160dcda506c7243501130b42b	1721540706185
730	2	e416db545e06e34122d31f012b6c75da	1721541607057
731	2	86e08031df800193dcf7aeadf2a5f05c	1721544306098
732	2	d0cd44710274aa01e8701c71cca14e39	1721545206680
733	2	9c8ed2fa11ee824db3f259e06ced6303	1721547905545
734	2	f24fc512cd19bc84401d44f5647037fd	1721548806595
735	2	e5b41b7456add53d03882f321ddc36a2	1721551507195
736	2	7f765c9aee1ee1928c574a82e01fe414	1721552406007
737	2	191f15f0468feccf5617dfbff6e85677	1721555107348
738	2	30d5a3b6faba1af453a168cf6d9fd137	1721556005240
739	2	119dc83901845660fdfde76b186fd664	1721558707233
740	2	2a8da7ad6828ef5b0f7a38ed094a6839	1721559605153
741	2	6ea89814454ec07907d029ef460c4154	1721562306350
742	2	b30f90bf1814a27de68523720e3a2643	1721563205049
743	2	a637e7fc32e35b80e941b24104bd0a31	1721565905891
744	2	a21902b5088eb26cbc92fe8db4afb0ad	1721566805771
745	2	2a81e2d56fe53d3542b6923f382c0dcf	1721569506065
746	2	0c725ff075eb406d740630810526f256	1721570405822
747	2	ce97761c834c9fc17cfb45cdeca82bd3	1721573105104
748	2	e77c5edfa36da7370e253528eb1afe10	1721574005885
749	2	1cdd6a6c85a2f176f956e7002724e6e3	1721576705202
750	2	cb97294d38b7cf9a7ca421a359cc1470	1721577607262
751	2	2cabfc50c3cafa977fea360813dd32b0	1721580306173
752	2	5d122e1c57c7f02215c7ff6e709f6758	1721581205982
753	2	4b157029f9646290c31318ae6af5d91c	1721583907011
754	2	8d6a14624e859e7dc7565c07510f6f0f	1721584806213
755	2	71a63fa019d316eecbb343795a41b89b	1721587505332
756	2	ce0b9d21408184aa830bf525aa10e850	1721588405141
757	2	59137413843aa0eb0af035d46fa68475	1721591104834
758	2	b32246bf2acc87f756676d3c317c7d3e	1721592005703
759	2	2d7f18ff86fe81984a443d1ea546eaf4	1721594705967
760	2	a0e4c194b34a32ea8513dfdaf7f36915	1721595609343
761	2	883ca3dbeb7d2475bc11884edff1f6f8	1721598305513
762	2	86425bc64400b0b06963ebf25d3df5ae	1721599205736
763	2	3cb305a79352b3509d8a35eaf106466d	1721601906266
764	2	e37102dcecc9e387247fde9dbeb17b74	1721602805215
765	2	751550af2024803b3b6ece35cfb81d1f	1721605505231
766	2	d2c83f3a111dbd2d3336087e9db5ed87	1721606406068
767	2	c8d6df4fb544b7a4b81a3319deec4476	1721609106210
768	2	d60f4f8fafa22e3deb446f6eea6a85c6	1721610005776
769	2	b66aa98f99d8251a5baea255625639a6	1721612705662
770	2	3d65141b1d1bdc36d2912ee4c02937c9	1721613605433
771	2	1b7a8100a14fa2a2c8be4f46fc502d66	1721616305757
772	2	54948ec9543595d58aa418c20d092d9b	1721617205653
773	2	1e058bdaa35367ab101108f92ddf7612	1721619905572
774	2	ba041dcb9af505c90d4e8100b4ea50a0	1721620805348
775	2	e5e0a976cfdeb83305f0196de0e64657	1721623505654
776	2	a3435884a8852a21f0af7034cab78f67	1721624405386
777	2	8cef17c9852c3e0a8c7efe528aa740fe	1721627105361
778	2	e97a293c49b3c7a69e05e3e375a9422c	1721628005317
779	2	13fc3ba828e38054012744c587e7978b	1721630706130
780	2	6589a811760e893e2d5c6dba4709e2cc	1721631608575
781	2	2bda9f5a39af70bb6e5d398cb9a31818	1721634305780
782	2	5a2a2476e8c3bc276487f99b0d4316a3	1721635206067
783	2	85e1a5f8e72d10dede3aea83a307f585	1721637906446
784	2	27952e343ba235dea91822d76a5f332e	1721638810677
785	2	509d58fe8e0e2fda72f679da8fee19e9	1721641506950
786	2	932a4e075ec4afacdf1b8e6b7fca7340	1721642406374
787	2	60905b72db1d43c01acc00a45c68ec16	1721645105970
788	2	e27bffdbdddf444b57faa7f6a6ed2381	1721646007017
789	2	7efdb7879717a537c634aea50398367c	1721648705848
790	2	55f9579591c7f72d759b8eb8eaf1c001	1721649611367
791	2	54e4a1ce72b46af2adf20a7292549571	1721652305358
792	2	6f3e3b2a0e1fa2d542b148f344a4edcc	1721653205678
793	2	7aaec9d823663e8e47a1712ab44c781c	1721655906348
794	2	e2d019f1bb56b3f7adfa8df6c9e2f0f7	1721656805475
795	2	5ee06c12c9b7a2ec11f803805b3caea8	1721659505771
796	2	80ee3e70e469e824f5b691c762a6061a	1721660405989
797	2	0e592c82a3c361d444fea2ef1ee8d1ba	1721663105266
798	2	bf83ec705a175750059d98712f5e3415	1721664005358
799	2	b07f3b28ab5146b195db393aab8109cf	1721666707622
800	2	ccdfd4d98789e83d74dccb430cb474a5	1721667606789
801	2	3cb7a683214af3a3ccc93d90b8b6ed46	1721670305450
802	2	37f984c1ffe62499e0fed886739e137a	1721671206027
803	2	93252442e1d7246b00dc0349d2e7c984	1721673905454
804	2	dc3c2c6324be1a00a8f3e37c90f14bc1	1721674806963
805	2	4e7f55a40a2d258bf4017cf19d2222b4	1721677507140
806	2	e87794a1ccd8808ab5d1b4e8e065606e	1721678405900
807	2	20ccbdfd238d57fb672463067341d75f	1721681105223
808	2	dca2821b9f7714aec58c2b62957fea1a	1721682005829
809	2	4655e77e742911a44a70603c3a2755d9	1721684706262
810	2	80f61c094a2fe6c557fac1f882d1e0f8	1721685605848
811	2	b3a16b8bc68a7cc4f920267b4d5f5011	1721688305141
812	2	20bd07c8ce5c64028de1d23b0a4960cf	1721689205621
813	2	19c389d22598e710e0328546772657ef	1721691905627
814	2	63a7b6bcfd8ff011a1ced6f2fb1da0aa	1721692805736
815	2	7ad6a5edacb43a8474dda12ce7c72388	1721695505190
816	2	4cc142eb3a06b20985351d15c788cfd9	1721696404936
817	2	37d501eaf843bafdf105483a9a9c2607	1721699107899
818	2	b9f4e94a5da1eab1f0eea9f30b84fc1e	1721700005662
819	2	a56cfb4be3c8179fd536bcf8cc10119b	1721702705800
820	2	8515b47c00bc9ea604fd218dd1098422	1721703605483
821	2	d33a04feac5e250cd56b2b3b34137b3e	1721706305777
822	2	58a07ffd386a923b7e5b1388ddc4fd4c	1721707205637
823	2	e3b1faeff2de2d96784e24dde3349d34	1721709905813
824	2	3ce1ec8628804f8c3fd4c8c69d2f4780	1721710806003
825	2	7b8d6ed1356acb38a371818211a7d41c	1721713504881
826	2	2864707c4d0879c9b94c4877e4d8e968	1721714406445
827	2	2ebe7fd04b726ffaa984b06d3f2dff6b	1721717105259
828	2	941c62bd2fe073e45f45ccb8d01acf19	1721718010512
829	2	e180d9a4877f4603e2e9c6a2b9e0048a	1721720705732
830	2	b09d8d3ef11690a814ff0941dd43c178	1721721606299
831	2	dd11222188d465ee1e8c913db806b168	1721724307932
832	2	6d9eb5dfdfcf8ac3c83cdc39586f2c21	1721725206532
833	2	99102207978466d0168fa48fbfefcdb3	1721727906340
834	2	e1a7057205595b6c63818764cc7a97c0	1721728805920
835	2	fd3ee32cfc097b8a3d3f2f20cfb09418	1721731505190
836	2	a20545c5a028b98da370ac02e35c0b26	1721732406282
837	2	a2d7eaae0f493bb8316717c337b996d8	1721735106646
838	2	6f7f73388469791c6a8da73675b0dfb0	1721736006719
839	2	132a903a925d9be7d10471a2c5405c24	1721738710379
840	2	288b01217243c2e54469c47301083b2f	1721739610198
841	2	e4def705495bfb5d85a6c72536413250	1721742306042
842	2	578947fbbada1a9f0e4b8e50ed195185	1721743205717
843	2	2dd860a094ebbafb2efc9a5d27fda74e	1721745911271
844	2	f6fc498001ae70d7f7b19c4141171941	1721746805440
845	2	384539ff2ba80741ae6795549f22a484	1721749505805
846	2	59ef8d522ce00d6405f4c28564433512	1721750405616
847	2	ba1a7a882ba5e72493fed6c38e278fab	1721753106835
848	2	802eebe9da030ecbceaae1d3b15c6ea2	1721754005996
849	2	3e2cce4841d4e66c9cff15abcadc11de	1721756705718
850	2	afdb1d90677cdd3b53552437bacc0178	1721757605469
851	2	af3dd412d0af82794d4b5c9647a9b7b9	1721760305178
852	2	1c2ed706a1146f675938e6f10ebeee4f	1721761205847
853	2	cd1d27783c890c9471891ea72c4971c2	1721763905788
854	2	df10e9f464ee8dc46878506d0518a7ae	1721764805881
855	2	b39f5ca2ac38e9a0e441bf7d221af363	1721767505738
856	2	1afb1390ef74b36926e300f3d973173a	1721768407945
857	2	d62b26aa94e0800033974602a01097f8	1721771104771
858	2	4970463bfcd6e5197fc9a0ba21cebfd5	1721772005323
859	2	ac0fc8faa2845bc39e4f592b4c6cd4c4	1721774705274
860	2	263444dfd409aef9234be7ed562d04bf	1721775605974
861	2	d329ec96117b73d0207c9f8e44c73555	1721778304813
862	2	34cef6cb4e96fcc5e32d16babeb9514f	1721779206101
863	2	bef07c497618290bb31a61ab353fb389	1721781905327
864	2	da6bb9852523133407ccb28de0fc41c4	1721782805989
865	2	411828607451eaa064ee9a861b8fe981	1721785505330
866	2	1571abef85a9c3567ee243d5a71ef945	1721786406192
867	2	66094d0cb9dcd00e1dca85a5c71777b6	1721789105483
868	2	d27e937d9b505ed7d2db450877e54603	1721790007389
869	2	37fce06522bf48cc876d620a4894f2ca	1721792706397
870	2	aaedc75ccab51d9bf24f35e7b96b1517	1721793606023
871	2	b98cdf2021d41149e63eb31aafa5b202	1721796305137
872	2	314d87f086371a6cf158f18d7557e5b2	1721797206078
873	2	ba4b8c596171bc8d819ca932a0bbf32c	1721799905839
874	2	1bdbc0b446e20b476c59aeeb27b19b50	1721800805399
875	2	065df8d089b2865dee61a96bab174cd4	1721803505660
876	2	9408032a659290844f583333949ea598	1721804405840
877	2	c83109d1a7193d6ca93bfda85fc7057f	1721807105745
878	2	bc5f0a749f316187eceae026603fc94a	1721808006264
879	2	0eae331a91d84257861bbde02d45e639	1721810705883
880	2	442903a876d693291cff69c29de847fa	1721811606100
881	2	f4ec82feac7778a0045943e060bbb069	1721814305706
882	2	79e2f9a56f9574c6e01cc1a4dc10a483	1721815206044
883	2	4f008d8b5653d3b945f6e4ddc6a14788	1721817905449
884	2	2aada03cba5e3cedc106d53d8be09b1a	1721818807027
885	2	b6f845761335940de2af6a7988f48d8a	1721819959566
886	1	2ecd6afb62050b6aa102715310cf4dcf	1721819968230
887	1	e24d081a5c169e888e43fc12c93dd2e8	1721820238358
888	1	b37bef45d74a459a1cd5b7f9dc7494e3	1721820238366
889	1	d91110d082a9d18d30fefc26f63ee49a	1721820238366
890	2	461854e8a21595d4dba5d0dbb2f32f1c	1721821506945
891	2	a0c5837ee1e97d596d0510161e422d99	1721822405055
892	1	cdcefb29cae02305caf74dac23efa8fb	1721823907220
893	1	161d4ba10c1601bf542f3fc68179a763	1721823929092
894	2	8dd461c5c313d91542ded91ef899ca74	1721824032769
895	1	7824701bef09b3d57901b3f525ddf19f	1721824046796
896	1	a9cd45b0cd8d70070db4334023e7fce5	1721824613656
897	1	38f1a3a36a04c545705ce9ce29921a0f	1721824613872
898	2	3b6fa2d2bd925ca87d3522d5644ba6d2	1721825108327
899	2	4ac745d5317863e909181ac89a21ba05	1721826010488
900	2	002304a8e163f51cab51ad6fc357b068	1721828706108
901	2	6a4cbccd88c41d7fa839257847846e50	1721829606510
902	2	4b25e84494bc9c6943579cbae900d26e	1721832309609
903	2	41038728c860729f8e83647f37a86abc	1721833205450
904	2	94d8bae9e22757287db35f3aab3095c0	1721835905492
905	2	88cab0a5a27668c99172cb3d7bbce2b2	1721836805506
906	2	f7a72294af74827a95892108bd912e4a	1721839505894
907	2	f965643e0b6222b937f83193032ab9b4	1721840406127
908	2	8f735b23c8aba2b83e5c58863f5a3e98	1721843105774
909	2	890dc982768327a09506a495011b5e1d	1721844006375
910	2	b70fab527ce3391b2c55c4c5807c09f6	1721846705665
911	2	514d3831ce21c0381e24f4fb38ef1169	1721847607519
912	2	ae0156713acf5d27c5fe91d9ae6f16a3	1721850305781
913	2	1202025887022e651261d60aacd2a809	1721851206399
914	2	495a6f6437a07bdc206db361870ed50b	1721853906320
915	2	9aa744a02ce401909ec52e6e24e01755	1721854806254
916	2	89520c96fb0d9553b0077c71e975291c	1721857505802
917	2	40f7bb4f5a54d8d58ebc64e30ad48dcc	1721858405662
918	2	707b41bc59c06978ea55e32a87eb0cc6	1721861106050
919	2	4edcf4b73afbc0d0ea522c33755dfe8f	1721862005876
920	2	f37e3df6e0fe40a53fbdb4b1f8a8f337	1721864706088
921	2	cb407c70cc0cc1a5a178735b31293396	1721865606672
922	2	b35dbe52da4082b3b365769a1fcd9a34	1721868304833
923	2	c9421065020d6932af412f96b11847c6	1721869210686
924	2	53009dfd76b12550e50e6ec37e1d90df	1721871905743
925	2	8b32bbd127044aaa3de5f51635ffbb6b	1721872805860
926	2	03237739ce25c1a2fbb14f473a2439c1	1721875505688
927	2	79b15999c016ed51861db838e8446398	1721876405351
928	2	cafed2678213228a3da740aac010e148	1721879105588
929	2	85d950c4891a3a66d4d6beb5ad7f4362	1721880007525
930	2	3469664b703496d16bf7684fc80eb4c8	1721882705640
931	2	9523a62929d8723f145e1915d7fde95b	1721883605609
932	2	40d8de89a1d0ad4d7954c6ea0b2790fd	1721886306490
933	2	e29faea026055e98e5b40130f318c0bb	1721887205261
934	2	d1cf150e37c688242371fddf0fd770ff	1721889907656
935	2	9e6227901f0f41fff0855d3ec789cafd	1721890805479
936	2	9190c42acadbc78b7900f142086fcc30	1721893505856
937	2	0563378c18511141d4555602fd0360d0	1721894405988
938	2	3bb5e9cfa19bcfd00682b5d5e85de4b2	1721897106058
939	2	bbd0c34f7c61bd24b57a420b24d3f315	1721898006492
940	2	cbd0d6904dbb9916e22887ed617c19b2	1721900708038
941	1	143a8e0e46dad5b4edfc5835529ff210	1721901057287
942	2	14504fdb325ff148f654cce6c8ab8bfd	1721901605883
943	2	dd5d0fe3135057381e838dd8c1701430	1721904310708
944	2	2b811e0d8ec7f356b78014f863a58830	1721905206387
945	2	7cc02edc2c1d575de4afcf68c7c3fed1	1721907906380
946	2	423f93707f269dc04598234910e9106e	1721908806528
947	2	233864e0d7e6e0b62fb61a07ab0a23b3	1721911512932
948	2	fd63526ae92a58754c961c033ea6ec61	1721912406362
949	1	28ff8e01ff6966e022338925817f387f	1721912936168
950	2	c18e40303e0acd929fb72e17e2e13de8	1721915106038
951	2	8379a1826d05cbbc05e7c5b817b6076e	1721916005637
952	2	f40cf28818b834ef7dd03105157e0369	1721918704955
953	2	b21233f04095b338d15c4f870ed6137a	1721919606456
954	2	eea930e04468eef39dd39d524a646ca4	1721922306896
955	2	64d42e1b132e16e9940d2011c53160bc	1721923206616
956	2	9ca91964874d7cf1873fe9fce7cc41b6	1721925913234
957	2	102b995f823d6f215bd780771d3cb057	1721926806342
958	2	8000f11b396c92dacb65e8ea179f1efa	1721929511116
959	2	0a81ce944fe65655b2fbb89bbbfdc239	1721929953154
960	1	25cb2a65acbaea05ae7e38dad02af89d	1721929953155
961	2	ee0741b6a8df92ba6284606c9ff95cb8	1721929953264
962	2	d205f33ca51303a7cde30f0f2d6878cc	1721930485622
963	1	947bfe6950626232ec637e7b0a9d443e	1721930485643
964	2	39ed81ca10469bc224ec9232aaa0b679	1721930485743
965	2	27fa6e08a6e5dd04d9ad4decd8edb657	1721933111447
966	2	817c7ee88f349d19b777eabb7aa9d655	1721934005127
967	2	36941a60c818a44275e83e846e328d1a	1721936705375
968	2	e36f8e83eb9f9548d1f6e6c32b24c042	1721937605302
969	2	571e024bbab5a48307695d45e72c8267	1721940305497
970	2	dd70719efc3afd8fa4d159b07b44b956	1721941206932
971	2	d8ef2115da5eeb5ab922662c2d78a33e	1721943905407
972	2	7c555639f325d81ab37bf81731657f30	1721944805434
973	2	83c7333e30e127a32a5edecefffbe7c3	1721947506042
974	2	cf3f1e1f366c30888be0d7dc5dba9a35	1721948406387
975	2	3cfb7f2aa500373b533ef6ce3728905b	1721951105726
976	2	ced85623a89713c55cae43d5ab64c349	1721952005691
977	2	39d0f1b527000e0f89c3183bd0326e7e	1721954705483
978	2	91a709b301aa89bd25c04471b93b8b74	1721955605834
979	2	39231530272958f038d6e8fbf841b9bb	1721958306044
980	2	711288a289a128540a9eddd097cf7e48	1721959205363
981	2	baaba046c325ea32deb3d4998b4e8dcd	1721961905651
982	2	7fb535f68032040249d62c91a26e82a9	1721962805641
983	2	045f27504acac77f157a7ca8e5dccb7f	1721965506050
984	2	b66c3b7a2dae216519a4f726910b1b34	1721966406155
985	2	e161261b8eaffb2b12d46ef6de76573c	1721969105733
986	2	da2d32fe039348a558c4c7b543d6572b	1721970007244
987	2	c56574716890384449be840e12a29000	1721972705564
988	2	6793322b675ad8a06463f45f6dbd96c3	1721973605744
989	2	88edda45d20d9fb78c7ef6b2be25b014	1721976305548
990	2	68d313201b9d5d11d0ee524c009be70b	1721977207903
991	2	63cca8f0b57658e484288bbefd070f39	1721979905470
992	2	cfe4542e920b6e5b83a54e98899ce42e	1721980806634
993	2	684dfa472e623a75fbab26d6664bb795	1721983506902
994	2	4ec45355c031cec22be0587e87614ed7	1721984406830
995	2	9cb431936125238c716b51256b49a05a	1721987105538
996	2	c67c59b40087a566a4b4bc8138237ec3	1721988010509
997	2	4fff63613b4a112f15f997ff01802eaa	1721990706068
998	2	477862a1e304d3d9c2eedef70f2cee51	1721991608565
999	2	cb389c4ce702182529880d59c8df321c	1721994308854
1000	2	c775974bc5033b290d36b1817aca42c0	1721995220927
1001	2	0a8db8f331af0a59ffe2e4bec3b8e037	1721997905432
1002	2	237be9e732be022340d7299a0de7ebda	1721998805508
1003	2	c9a9301f0cb092ce2a1379eb9fd7b535	1722001505742
1004	2	7ea3a2f438def1b787ca752f5b46c60c	1722002406021
1005	2	da74df4f347dcd0000bc6119e578426c	1722005105618
1006	2	8ab7cef484e0798d286b593b0079e795	1722006005315
1007	2	655828697bde9832e6626c415974d93e	1722008706366
1008	2	4c33a7a6b5eaa0b90d1431557ec5a00e	1722009607054
1009	2	484ead7d1283409a3fbd2dac67d3ce51	1722012307421
1010	2	fa597fbfd4b50b5af987e8ef19861260	1722013206658
1011	2	218432f495b0bcba81eda2773499f898	1722015908395
1012	2	b8183114ff926ea37b3ca9204c120074	1722016805713
1013	2	b1ae0ed8a55517fc8169b1f3932d65fe	1722019507179
1014	2	6abd21757c7d39e3c2f03e5a31f6e9e0	1722020405792
1015	2	a542629015838f54d781a95635d10e33	1722023105236
1016	2	225b2873b02889810576f0d2142f7889	1722024005463
1017	2	972e92f263896557961b4dea3d0b57c2	1722026705495
1018	2	d3d953c7ae93c938127c5b33e8266e7d	1722027606290
1019	2	738f306b84b1bfd9b9e56ab43669c244	1722030305577
1020	2	d48efaff8fa5c9ab83c47fee91dfca7e	1722031205696
1021	2	b29a203bab49ff8e872ce5b3122cca00	1722033905776
1022	2	fc120cc2fda4f1496acdc57457b074d0	1722034805439
1023	2	8972532dd855b95ceb5a25133af2db21	1722037507835
1024	2	66cc8c33a76ad68cd2282fce2ef4f3af	1722038406747
1025	2	eb63ab062faf15d147a72ae60195f986	1722041105159
1026	2	16a595ba66e40500bae13a1659b78a81	1722042005255
1027	2	5eda03598493458423770d22df0c2467	1722044706036
1028	2	a9bf0e49ab67143553b478205834f2c6	1722045606607
1029	2	e374b54ca41132ff6acb1fe7a898ac69	1722048305760
1030	2	b20344b61bf25f541a6497c1f5fd9895	1722049205652
1031	2	14dce43aa654ffbb016b704261ae2757	1722051905945
1032	2	aeb52a44428678ad6c032f0306ea7ad6	1722052806044
1033	2	3465a2c00048df17e0a8c5fc99518d5c	1722055505687
1034	2	c110f804ffa29e4e9120699001e02562	1722056405396
1035	2	b26afb442a02c1cae1ecc7750a658778	1722059105586
1036	2	e9865ca53d5c32f23e99702cf4507534	1722060006503
1037	2	cabba2d2bf6bcf2821fd580de633e53b	1722062706330
1038	2	a241206343095fee322c4254a57110af	1722063605757
1039	2	24a9b78cd589407a5de4f694127528bb	1722066306138
1040	2	bc59d1594a700f923e04671e16855202	1722067205800
1041	2	0db1e148dedd7668d239c2e430afa276	1722070073657
1042	2	0e2123be04ed907051de2ba50f8fb721	1722070956379
1043	2	a6d6730c969b5702bde36359491f073c	1722073765442
1044	2	5915c943b680717782d74eceab85a1e1	1722074548615
1045	2	846925f7f2b115ea0fa8844cc926e56b	1722077184741
1046	2	398e4d2604c0f4ddcc2d893e046b6abd	1722080746426
1047	2	2735cf9b7a9cc744ecee1ca6f425d2e2	1722081605708
1048	2	20a46ea7123a3f3af3ec3a5da90eff74	1722084306229
1049	2	659a00dd2533a31ff3ed5f0a7352f875	1722085205815
1050	2	2cd456592237f56de38c6150f47b1e38	1722087905526
1051	2	d176f51a87414b4685703278567bd1c6	1722088805430
1052	2	0fb2595f408002d29646b1d32ce1a597	1722091505881
1053	2	74aca0b2a54ae509e89853b7f758993f	1722092407586
1054	2	fe13e49a4096bc4c4b1323471770c3b0	1722095105945
1055	2	271bdb0fa744019e7cb001125f383db2	1722096006305
1056	2	c4e33023c1308b6f7acf31282c9c4c9b	1722098706281
1057	2	68445f22ce372d2e0d26c0e432f45d72	1722099607712
1058	2	5ce7d89d000af71a7660f7e9d5aa255e	1722102305123
1059	2	5e8ad9ab316d9781faaa49e8190407a8	1722103206168
1060	2	c658c63d2838410522314df868866b3c	1722105908337
1061	2	eeb37263ce6bb6d71d2e039665241e5e	1722106805537
1062	2	f0ee450e962ae7c824aa72ebcea9b3c8	1722109507787
1063	2	362e8262bcb8558b11123cb30e5f8057	1722110406589
1064	2	53370ccf6fc5011167a7602f7b979a00	1722113113799
1065	2	552ccc3fa06cc16adfeaeb0047a8c44d	1722114008156
1066	2	48be9d0adee551a9c835270c8451fbe7	1722116706247
1067	2	5f103cb595e83439c815fc27f44fb927	1722117605168
1068	2	9805fbf05a03a97c1c21725277908240	1722120310437
1069	2	1ba392d45102483ffa6522afd1163301	1722121210664
1070	2	399eac379aa4f53826adae6e0ccf4f2d	1722123905919
1071	2	b341b74ff0e4053bbc9e43746e9af34a	1722124806644
1072	2	d3a4e32785700b1a021e35b2081f4702	1722127505995
1073	2	d11763212bbbd84026548e4b7ae56ea4	1722128405442
1074	2	6b7bab2f2754fa849aff6ad1a584dd80	1722131106447
1075	2	86f2ea0df6f3e63dde6588acf404f21b	1722132006032
1076	2	52e8152ed17c6cb7f6c78334f3cf36df	1722134706475
1077	2	8769f8ebafcbc11ea25be2ef2ba62524	1722135607996
1078	2	3c9797850e168ad7fed9f3078939a94d	1722138306222
1079	2	8b39c80a694c9719d2b6f82798622f49	1722139205528
1080	2	c35262da8f8d876b89a9ed095053b8d7	1722141906407
1081	2	e50ae0f330ef6ff1e7f9c694c82a3c50	1722142805823
1082	2	b4be804fdf95f63a9ebe75815a256106	1722145505930
1083	2	5ed02c8301cfc6ce2c65642aead22e68	1722146405684
1084	2	31da85941e5368126722278c091892a2	1722149106438
1085	2	41a10fa6adeace50d6c16997b8911295	1722150005321
1086	2	5cd09d1615dc1488d1f7932be4c6ef26	1722152706462
1087	2	e3903ae6fe4a6aabbd204446acede2df	1722153605936
1088	2	0933bbd52028f52a1a0021cbd03e75ed	1722156305300
1089	2	635029ca557bb69db41f89cc29ea505c	1722157205018
1090	2	8b75edecf59d3272a77584c0ec3be5cd	1722159906189
1091	2	dae6151ca82ee429abb4c451dcb07724	1722160805851
1092	2	3d32167f70adf40041e520a21934cc4c	1722163505326
1093	2	ed889404992807a91efc046a3a30545b	1722164405804
1094	2	b673930c2996880a7e8f8fc734248397	1722167110916
1095	2	4b6535e6584b31db530eddee333840e3	1722168006203
1096	2	9d89965c24207c673b4b2dd3d25b370d	1722170767226
1097	2	4b3538e457ed6610b4633666ab0f7dfa	1722171666734
1098	2	790f94af84df0ea37b7870c5b1e5c110	1722174311595
1099	2	8dbbe86ddd44694bc94ae3956a880686	1722175205554
1100	2	89a8e89691b18253d19665b4da269656	1722177905673
1101	2	5bfe25cfb66afcdc7742a18ee47da81e	1722178805500
1102	2	ba616cd324a4cd2ba55dc5763da385d7	1722181506069
1103	2	67a40aad0076da7a00788a095fbd6382	1722182406007
1104	2	e8ac55344e9db571a8a680f8ac5c378b	1722185107011
1105	2	3a9631674ca5a7c78b646d4b75134868	1722186006248
1106	2	4461ee706f0075b6d00e96d1aa004fdb	1722188705982
1107	2	4ad916692611f2744216489d1536288c	1722189606155
1108	2	c9a7046d08b17d249b8b7930de3f76c3	1722192306247
1109	2	157918c64f366de8679af06ebcb16be4	1722193205306
1110	2	0bcba870eb15033edf5c9b27577a6353	1722195906317
1111	2	a10e82ca8d88f278b21ba7c943fd9ec4	1722196805441
1112	2	9ce094234c9ba0284b47dabfcb23e98e	1722199506307
1113	2	13c8efec1d780404b6c8b392d18803e0	1722200407336
1114	2	ca640796599c9cc4fd16a5521823d040	1722203106844
1115	2	aec860b2533a2070162f3f330efc4546	1722204006523
1116	2	e6c06a0786d062deb5b692de91179797	1722206706544
1117	2	b9c43b520a1d227d89aeefecdf8cd78f	1722207606286
1118	2	a9ecd7e36f3d297c3e5bf559f68a97cd	1722210306897
1119	2	0f58a1d30e6603c67f594e6aedb679ef	1722211206970
1120	2	7d8f492068d11fa8c0d2fafa7e661b5f	1722213906179
1121	2	31539d96425ee0136286a05bb8fcae05	1722214805804
1122	2	1a9f895bc5f79e973709b111210ee949	1722217507639
1123	2	b61d025c0290619ae5cb933b1b6b2969	1722218406411
1124	2	19498802832eeae9c4fa077d759eeb09	1722221107583
1125	2	2e9f83918faaf643a3e818c569cd3a64	1722222006180
1126	2	1ba36a1f4210145b96a4f5b1190c3a26	1722224705933
1127	2	5bfe09853ebf5d057dc898e039ff1327	1722225606097
1128	2	840768e9e5f9c624adc6fa7d6492d828	1722228306243
1129	2	6a1032ec1b96d21f8ec0913cbf7cb6fc	1722229208380
1130	2	4a5a0b157f9be6e96c817f6bc1ed65bf	1722231906806
1131	2	a3d5fa201202192e7d02e3c1fb50ddeb	1722232806521
1132	2	dfae0c1bb1cc65bafdef73d6e5e19349	1722235506608
1133	2	43d161aba3887666340550510ee21ac3	1722236411537
1134	2	0aa2301cb0538b965e5b13d2f557151c	1722239108930
1135	2	7a6d033b57bcd0bacc9eb4cb39c91901	1722240007043
1136	2	8779b3c3d4433e3a00519a0c7c891a0d	1722242707809
1137	2	1fe2bfb17978133ec1017b0e3b2cd515	1722247321469
1138	2	8247e0af9da9b33f052a9de5672b8b56	1722249906309
1139	2	576da9a0f9fbb1287165943608097711	1722250805850
1140	2	2b854f78530931de00cee760a339f1ec	1722253509542
1141	2	14796d1b5c8da2c7e2f87d65fd46226a	1722254406247
1142	1	4931e5437c2f808c0972147a2e0a3773	1722264208857
1143	2	1618bbf5bec7ce803c3d0039bd84ff6c	1722264308643
1144	2	7c297f854ad5c89c47328b62b4ba8947	1722265206262
1145	2	b39d76ae62c9b037c4e6be024edda5a2	1722267911301
1146	2	e838b26ecc21e1ee633447aa5e2955f2	1722268805102
1147	2	2e7d25c6548015d24d3b79a7a99a71db	1722271507219
1148	2	498eca607c2d370fe550ed7cd30f6908	1722272412567
1149	2	32eeb8211c5af7439250b3b6003e7fb5	1722275106397
1150	2	a08e1e35a9930f4c48c1234093f0b931	1722276005552
1151	2	9cd66a242a6a66b8fd854c7902e86e43	1722278706636
1152	2	a7827a0163d986cb724216a3c446b95e	1722279605971
1153	2	32d1c3f75ef332d0473aa5da18d4565c	1722282307185
1154	2	486427ce9bf0f3f5db9b9436d84f6064	1722283206164
1155	2	69f46f16f5fc064e6fa8e833d926fb23	1722285905920
1156	2	13cb5353c3541993a8607b019eb2b0b1	1722286807334
1157	2	a96a9025dd108a13b2d56a8cccc6b82d	1722289506486
1158	2	cbfcb2ed0e34b4e2b754a921290fdb7f	1722290405442
1159	2	7355504c9d371707b0fd280c7948bed0	1722293112832
1160	2	b026cb0fc09479dc37588ca0ed43f6db	1722294005995
1161	2	57da11623922b0d50466096081d0ecd1	1722296706624
1162	2	096442924184a8c3031bd3c4f73031e7	1722297605494
1163	2	16e2c89a9bdfa2fc9c6a8e11827ca24d	1722300306925
1164	2	64dc58ac92477d74cd800892cb3ef21b	1722301206695
1165	2	e323410853b53c2af0188025730b8bd2	1722303908672
1166	2	0666f36d79b2aa93ab14cb19fb99163d	1722304806013
1167	2	2b3d2a4d13df6e536af996a91b0ee2cd	1722307507695
1168	2	fdc2e77876d1de25fb22fbcd64246e95	1722308410777
1169	2	0740ba7b49bc90c6aa136d42cfbae752	1722311105461
1170	2	7b442753c52db04bf217b3a265007c6e	1722312005995
1171	2	3569c3fdafa699ba66da876746d64415	1722314706405
1172	2	e27c53bea94dada6ab275278abfeecdc	1722315605700
1173	2	0ce5a30a61f6f00ae20f94199c0f41f6	1722318306661
1174	2	c20a9e1cbf1a4a1fa5feb4bbcbbfc951	1722319207747
1175	2	18c23a858db49faf1f0add013ea3465e	1722321906300
1176	2	78a4b9ad3f4a313260ed2e01da5b989e	1722322806098
1177	2	e9db89b26dfc2efd36147234d92d22bf	1722325506885
1178	2	2ca5bb17bac677fd47454db257826a83	1722326406512
1179	2	7ca7ff12e231038349b0a397362d4e7f	1722329108379
1180	2	5d158eca6cdd321a4997728409e98289	1722330011199
1181	2	4435b030e193749b1e67fa6c9738a40a	1722332707314
1182	2	fdb6ad1889c254ce49cb68bfdf594929	1722333605729
1183	2	90ef486eb4a7d9255368b8b3a71a7e2e	1722336306008
1184	2	05427314ef86f62dcf9dc7f0c00af897	1722337206817
1185	2	6f2fbbbb1098d6d9a629885c7e45bb91	1722339913769
1186	2	9a9d52f083dab5fb1abd557021491996	1722340806215
1187	1	8e63cb2c3c2c8e8c8396be9215dc575c	1722343072380
1188	2	773584764a79422d9b89be5f38b6937e	1722343506903
1189	2	6b635e582845dbc7708c599adf05db4b	1722344413685
1190	2	b439caa13a027664f5d10f830bdd46d8	1722347105688
1191	2	a40aabd2578fc3faf7cb73cf630a60c6	1722348006016
1192	1	c426c20423cd44372dff603b2fe46431	1722348697343
1193	2	be05dcd69af9ad5279e63e60c3b613c7	1722350705512
1194	2	5ea0992d45a50335031674e59f81d977	1722351605582
1195	2	793881cbf19bd593405f27f1efba1093	1722354305712
1196	2	a1dfe18bbda65820c688550851c12109	1722355205702
1197	2	c14c72452c41669b8301883aca90d3e2	1722357910671
1198	2	ea5b0e27505eedc0a4711d7c3672ecfb	1722358806351
1199	2	0e664130f743279361039e810a123d57	1722361506157
1200	2	db79190091b796f42d182b3145c0b400	1722362406484
1201	2	0e02f8d0882f61c00e9793292c81f6f2	1722365106482
1202	2	39cd799f9c73ea88e3d6f361dae47d34	1722366007304
1203	2	433ebc7d50a3094fac7880c05f319635	1722368706145
1204	2	a6656405b9f5a9d37284489bebf54b99	1722369607854
1205	2	75256920ec4f0dfff41ab652ac615797	1722372305805
1206	2	c5e6f508bb20da47906f3b60e6483c58	1722373208031
1207	2	12565298e479b0c651271f9a975ffdd4	1722375906496
1208	2	7d575b30e1324e5591c738a524eda987	1722376807131
1209	2	d06db55ab0fffa338e7845e7bdee1766	1722379505857
1210	2	a4d71d14e666a11e706a90a53adb877d	1722380406205
1211	2	cda1bde862ad2020236a5497ec1c561e	1722383105465
1212	2	cc0db235811f6ccadb3a50e0b6c59b1c	1722384005736
1213	2	d600f8f061402de6bb8e9fb237837b1a	1722386705781
1214	2	a55fa8809c4f7c5c15d4b18e24881090	1722387606409
1215	2	8d9b418daba737cd7b00f60c8012940a	1722390305912
1216	2	f156738effa64352f5d7d34e2ff0c70c	1722391207288
1217	2	d3f2c00c78ef1d6e2012df24a15abdb5	1722393906373
1218	2	541ca5faa67c98f467927326612ee4ee	1722394806581
1219	2	205625b9942193a467abec8d70450482	1722397506161
1220	2	0badd67c59aee19a4e011c98dedd179b	1722398406187
1221	2	80e2a2c7ab5564e9440b1bb588a46093	1722401105681
1222	2	5d481e577eb0c4179d08ca754aeff5c4	1722402006095
1223	2	cfa3bb34a93a79200e1e0f96d16acfd1	1722404706982
1224	2	af1b624fa806e6d2d399220c101310f4	1722405606207
1225	2	cca2475d4e6bcc19003010dfeae1325e	1722408306410
1226	2	8c9efef136e666ddebeafd4fb255d899	1722409205681
1227	2	00bfa219cfddfd8458a6196979c57ce3	1722411907609
1228	2	2bbcc29a30afc3c59af4c5aadd196d5a	1722412805974
1229	2	1e060fc54b699b7d31de13598d20f2ff	1722415506090
1230	2	f4fc1fef9c5d0d6835d17412d23735b3	1722416406981
1231	2	dbd0fa5ad4b5e3c9bd88d1f4b17967d9	1722419106330
1232	2	85034d84ec4e390c0a45c0c2fca94f8d	1722420005598
1233	2	3a6ad662168eca00801a6dad640c925e	1722422705855
1234	2	311c48e8fc0b642ee8c4de656f9f1420	1722423609877
1235	2	c505ef785efc7baf8334efabb8802ec5	1722426307307
1236	2	da5868a472f8e7f02347d8bc69aa9306	1722427205601
1237	2	6ea468750b80ad9e7d0ff29b3d37b7ee	1722429906255
1238	2	21ed876cac5bdf11036960ee804e8994	1722430805731
1239	2	4db698281e81e623325ba3bbb1c4e88b	1722433505895
1240	2	a9a52ecf70ff171cac0d02f695989c63	1722434405765
1241	2	633136526bddb814cc250c0b9f2eac65	1722437105505
1242	2	38f2e701fbf99c87f6834882e1c704da	1722438006753
1243	2	c0e576d315e0010ef9760003fbe786db	1722440709377
1244	2	50a04d504cfd036604b731ecf1d48ad4	1722441605301
1245	2	df0d6b62dde61867376886562410135d	1722444308680
1246	2	e03f10e9981bbda411c58ee25f17ec8a	1722445206388
1247	2	0d6a529db6091b39c1a9fb0d79836505	1722447905977
1248	2	f5baee6c2baffa9e85fa930673350dcb	1722448806657
1249	2	f2c603cb57798a5feea47fb050aa7e28	1722451507084
1250	2	9777b2f9f1a5e16267012fb8e565cc87	1722452406921
1251	2	b4b03599dfe05d68c138799f2b3ffe4f	1722455105783
1252	2	5ec0f88cda97b3d12a2dca02ad903aca	1722456006126
1253	2	00156d0f0b61131cc7c6524c36806977	1722458706173
1254	2	7869b243b9d9c5aa130fbf3292a3ff89	1722459607094
1255	2	d716e11f33ae055c4e6257f43d1d8f35	1722462306515
1256	2	f606b65070719995d791ef0c4b4b90c8	1722463208321
1257	2	931f1361b7dc16699e7bfcaa7df66f6e	1722465905886
1258	2	1a57719a76f970169b7588f8240dcd12	1722466805874
1259	2	295c8e97b3cbbea1db071bee9db461ae	1722469505591
1260	2	92be08c15a861388500f182d068eaf55	1722470405391
1261	2	43ee7dcbd9aada232cba3b83710e200e	1722473105754
1262	2	10c80fbe496c40c16613ee655efb6102	1722474006498
1263	2	453e038000a97c8fc4115f2a3d6c28ba	1722476707276
1264	2	cec829395c517a8c977790f72a224dad	1722477605778
1265	2	a062fa36434763f5e704fbe560a5f941	1722480305556
1266	2	d4053069343fbb6954b4c3994e3da52c	1722481207518
1267	2	5d79f13a8f4ae00c79d014a3401205e7	1722483909486
1268	2	e6f312f1385ab592136efe04e0267df8	1722484805835
1269	2	2f4222d7b7f7b1831759e4733ba56ed8	1722487506179
1270	2	ac0f8a488cd6f381117d2ed79c782e01	1722488405407
1271	2	12c89d66cbd787a0afa27c4461e62a6e	1722491107228
1272	2	694923830948ea23af6e2b31c59ce6d7	1722492005388
1273	2	ae63465063d99e59442910b8234ea228	1722494706961
1274	2	8233d080f1d73ce32c30350d187a8ae7	1722495608029
1275	2	1eadb28cfe52d3dd15a47e8462e3eb83	1722498309773
1276	2	1ec7aa825d0a5735fffd9df24b091d67	1722499207190
1277	2	c6de0270fd63a99bc445501fe37c9c3e	1722501906655
1278	2	770f88b79922a7729d4ce5db3b346c02	1722502811508
1279	2	8481952b065f63e5106f26f0ea0620c1	1722505512483
1280	2	3ff154a8dfeb742939d8ad8f3901610e	1722506406842
1281	2	8d57c237fca2cdb4a464976d3553e15f	1722509107566
1282	2	ac19e808052af76777a4376528b746f6	1722510006484
1283	2	9a32b7d57174f9b4e59f60823892e8e6	1722512705998
1284	2	26b91b8e97c3018437e9e8415c46d99f	1722513606612
1285	2	ed07d5cb19e5d97f302d16a0ca3ed137	1722516306331
1286	2	1d18c83476d586741dd075875922e388	1722517206521
1287	2	2eddb0b30326629bad960da24b889f56	1722519906159
1288	2	0a3fbc7db5a7a049713e186334e69269	1722520808012
1289	2	c1d52e99845cc44ea859c01a0531e5c3	1722523506355
1290	2	83d8d74ff1ea386f5a0328ddc9447346	1722524406594
1291	2	d1b279872fc8d9f38054f88a07faf542	1722527105368
1292	2	2f2fa434ad578e03bae4b4b488526dca	1722528008061
1293	2	7d3e99eb142fe7e4d93e2f8451c416ff	1722530708125
1294	2	ea38f5ddace17863b3c1d71059f3fb03	1722531606484
1295	2	9d248334c7b09e38a4093fb129297d07	1722534306386
1296	2	efa82ce1eb913404013f139c204be64a	1722535206096
1297	2	3c7f6f0693ffff0b43d96067b3fb8059	1722537906544
1298	2	cac1405bf6f7be896d0de3712af8bfa2	1722538807115
1299	2	eb6ad2adf175d2f3764aadd6b7f68951	1722541505782
1300	2	e2cd6492f9631a73f40388fcbce2cfdb	1722542405990
1301	2	839267196a092d296b9dd5783645f164	1722545105594
1302	2	12524bd37f94243906d27bdfa0926c19	1722546007151
1303	2	bba5e777c478875c21c170526baa2d87	1722548706061
1304	2	08cfe04d7255e9cc2379ba9b9c730345	1722549608111
1305	2	73f1f831d7afee86beee1487a7ac73d1	1722552305858
1306	2	628986f37398f2792bc8820c3707c6fe	1722553206425
1307	2	6e5162573650c3690e8454ea0a450d2f	1722555905617
1308	2	95336cb0396074bb1f6b9b62e80cee16	1722556805509
1309	2	553490d2dc031d84b54056da3b54d0ae	1722559506321
1310	2	34a41b6e2e54930c8c6c1403ce956b9f	1722560406280
1311	2	b995df3916019eeb2077e23b1a4fe926	1722563106946
1312	2	a8544219c494eb86dd9fc795a0ae2381	1722564006038
1313	2	4deac125e5f376d593a9e4643313d6bf	1722566705766
1314	2	e5eaff06398a87e02ad9114b73a60bce	1722567605434
1315	2	7f7c27f3ac628d57c7a5c6d7b71aa484	1722570306831
1316	2	4a10dfdffd811672e1a9a54997835641	1722571211001
1317	2	88524911c19fcb77b4b9a13f1168c8cd	1722573904884
1318	2	f207b4972fed723cf667228d38f80ee3	1722574805874
1319	2	b610ec644178bce584d71fb77509d122	1722577505298
1320	2	daf86c69f41cec195b693b101c1b1bab	1722578411965
1321	2	b12dc3332297e209cc169304de1a8882	1722581105603
1322	2	0b72e2290fe03914e3fdd234c526798e	1722582005867
1323	2	651f40304d62b8736a18abf74a318fb1	1722584713470
1324	2	94ba95c3b756d1832434ba28e6528e37	1722585605981
1325	2	68e27bc4739f57f8c9d20467bb379e9c	1722588305576
1326	2	b905c091b7a4223d79428b0f6c02ccea	1722589206075
1327	2	efe3d358688aae7d0c4848afb2c9b63f	1722591905381
1328	2	9714bf33c12fa547ae47ba81b60db080	1722592805659
1329	2	cb130803c19e9f920a5f2a280e3aa003	1722595505718
1330	2	38f999b404391c952fa0a031cbe427c2	1722596405642
1331	2	6c3f61fd162df0a8682ce18931c40a3d	1722599109418
1332	2	b0f4976800a0a9d70057811cbb55af49	1722600008532
1333	2	fc6fdc46d9d1bd970c8769ca3bda1de2	1722602706446
1334	2	cc8b99a7a2f8e752a9a44d51bec53add	1722603607709
1335	2	ff646612e380d0157999182ca9fa4c77	1722606305945
1336	2	8f9f532a46e0ce36af1bcd5f6486b89a	1722607206751
1337	2	8e4419c35382a3a7cbaa3f14f95d3d19	1722609905453
1338	2	dc1b17b1a6ab623ee7f2d075b5cf7dcc	1722610805618
1339	2	5f0eef2e87eb8d64dcec7f946227559c	1722613508390
1340	2	bbc4f808b3f399ad0a54c641bdb7d0ff	1722614405378
1341	2	5bb58ee9aa346df30163a3a16245f30a	1722617109415
1342	2	bac9abeb2e8792774ded407e875631f9	1722618006131
1343	2	81f0c1438bcb3043dbf182cc03177b81	1722620705292
1344	2	ff5a30907095e980e346f37029c9dacd	1722621604947
1345	2	bde46a4f15a06d9f6c8c765fd3037316	1722624305357
1346	2	9bdd93d4cde2b20d4958f35cca646768	1722625205114
1347	2	fa725124e8f1198206caef3cf8bfc6b4	1722627905353
1348	2	62d19850cf64341f97074f87fbd57081	1722628805452
1349	2	f1c700b581a7ebe86c87a7042bc92ba8	1722631510175
1350	2	bc8024c2a17806fccd56d9672cfdaa2f	1722632407059
1351	2	42f3dbdcf74040a38e5afa3d99fcb705	1722635105714
1352	2	4e214e4426475723726c0b9895776b12	1722636005620
1353	2	ba04c81db00ef901cac8733d77b1f2a3	1722638705782
1354	2	23e5811afbaefbac874013acde61c8e6	1722639605782
1355	2	5def61a243ba7a5294b57ac628e38897	1722642305765
1356	2	27c83f8135fe3bf875ff8826756c0af1	1722643206611
1357	2	eba4ae6325b13a411d59aa2bb0465f5f	1722645905418
1358	2	9510c11beb59cca47578fb6d351ef9c0	1722646805491
1359	2	286d96a0a330035cfb6f9d93cb6d3937	1722649506616
1360	2	66b2eb44a886128adf4db8d2db008f7e	1722650406179
1361	2	f0b4aaae825ba330dcabf24c9fec5a99	1722653105294
1362	2	5390f8ee2fd5e122b7a7d8b20044bf94	1722654010109
1363	2	5c9e67a45b9755bbb7d065893cfdd74a	1722656705724
1364	2	df6b7701bd77316443a42e1962ef9410	1722657605611
1365	2	f59a7bb38f14223646ed2b9d52133050	1722660305470
1366	2	71665d0a7fec82b619c91e4b540ac76f	1722661205163
1367	2	017a3434f01739fb7f5bf07e4c7e5165	1722663905386
1368	2	551bb2af46fdb05e99022b7c850bbe34	1722664805833
1369	2	002ff8981c0c8df8772a67349af3ae1e	1722667505696
1370	2	5ea33b6276c7c7cd8d881af0f5c936d3	1722668405293
1371	2	0c3b46f6ac05b06260c74d7cb4f020dc	1722671106371
1372	2	a6ed63491d625887c6b4650325609fe4	1722672006297
1373	2	be1a989c28dd5e041669ce8f85f53263	1722674705278
1374	2	ef215b667df799b48beabbe06813525a	1722675605593
1375	2	935b68a24f8ebed6b2e5f0fde61de6b2	1722678305885
1376	2	245df10309cfc3f5905f7642c876bd8c	1722679205616
1377	2	17bc468ee4751ea2a1482a07d1ff8bf9	1722681907142
1378	2	8e9e728c2830bdf6222e57757b444c3c	1722682806393
1379	2	f0bfb1bdd82b15f2b65b9d84e91a6e97	1722685504983
1380	2	0ef3b59133538b8f87dc826a992796f8	1722686405780
1381	2	82257bb55eed4cfd07b8e57d24dc59c0	1722689107537
1382	2	333531754b0376bc709695ed4e80eb79	1722690005725
1383	2	cc9f6ce05d91ac4ddf6afcdd0a8519da	1722692706036
1384	2	2a8292057b05ef2b195619ea32ad0a1c	1722693606008
1385	2	63acd54a51a6e3527e8fefc944dfe39d	1722696305864
1386	2	2923313eff0cb929b0c4838f81ae2788	1722697205575
1387	2	aefd73012c7ae7422fd9f9d7cff51f95	1722699906582
1388	2	602fa79080ea3022c557237be5e5c77e	1722700806186
1389	2	f3519c64f23a46be0f77afba1f86812a	1722703507604
1390	2	0132610c11d23aff008e75aa95079431	1722704405596
1391	2	0e7707d29c9a14331000a30385eabe97	1722707105356
1392	2	bd16395edeb20594adca2f2f9d16560a	1722708004985
1393	2	0333be8a03204629078448a5ff6de5fc	1722710705389
1394	2	ed5f005742e1f900cab78fb0e280fae1	1722711605206
1395	2	94a5354c3204a6a502754f4e4c26fcca	1722714305505
1396	2	0b9a63f159980b66469d13aed6b816c6	1722715205307
1397	2	4e762494b0d744e57181697d84393866	1722717905463
1398	2	b4de2a0c20756c0ad3b3e0154714703d	1722718807068
1399	2	3183041c81eb8be2404ebcc3381ed27b	1722721505004
1400	2	242e7a3869249accfbc0656700594744	1722722406007
1401	2	df572750dd828e4ff92588535233edeb	1722725105253
1402	2	4999fba7d60712fedc556f82d55421b9	1722726005989
1403	2	1a419a9a5be69df65af5e06682aa636f	1722728705152
1404	2	87c6ea76e47e94ce552c06ef52faad4a	1722729606386
1405	2	511ae5d78a8d9ba5abc181c6ca0488a0	1722732306034
1406	2	5c0b46a0e184fce9f79c8f5868d6741b	1722733205868
1407	2	a0465957008135955c11af0a5a726e41	1722735907273
1408	2	4939dcdb256d6ae098966359c1609aad	1722736807787
1409	2	0eb76cda7d9459d37b65c1bf819969bd	1722739505010
1410	2	fdd53b2e22d9519e7e4063388498b188	1722740405570
1411	2	b4f117d7937a1e7b203c89d81ec02812	1722742046224
1412	2	63de3252203593c30c134d792a46bde7	1722742046393
1413	1	4227ffb4581a8f68e01b3f2c3ae64850	1722742486672
1414	1	4939d40b5db1769e625cca202f39404e	1722742486762
1415	2	ccff13171ea21969c88ab6e7c1a9fb03	1722743105987
1416	2	b49ecf4a93c4d182c874ae33c17ae648	1722744005528
1417	2	855f8d4367dfb3ee9ed9f355206206af	1722746705389
1418	2	c3535758fd4975a6520dcb51231c784b	1722747605560
1419	2	3affdd67ea58dda6bb6f34d3d6e4b70c	1722750305398
1420	2	13a6cd7d826f067925a0c7e69abdd45c	1722751205353
1421	2	cb44ffd2d6d6f264ceb83195588346bd	1722753905768
1422	2	7c74970ca70e3d395ace27c09b6146cb	1722754805832
1423	2	a4b2e17c86cf5c381f70dbc33dc70c46	1722757505939
1424	2	b67fbd632058b2c8e47633141c161fcd	1722758405789
1425	2	d415c3a308023c5577689fd944774839	1722761105546
1426	2	a4cdc58148be417b93b016aa0b5d6428	1722762005105
1427	2	86d67edcdf157d0947ff3c079c3fdcfd	1722764705346
1428	2	2ae8bec635bcc005fa8398a362ae836d	1722765604936
1429	2	db6232bf822302f4ccc807b9372bbb7d	1722768305618
1430	2	dcb29569cfc8106e70e4167b4650e2da	1722769205368
1431	2	c529eff38fadf6dedf935a73d0cf13ae	1722771906070
1432	2	904f18fead0b5025e778426ee607f761	1722772805912
1433	2	55582445e5d812a248015a74143ebdc5	1722775505680
1434	2	09939175818181700ec64b6be800c051	1722776406732
1435	2	64414a146c65b4ef3c98617ba7f94c04	1722779108027
1436	2	77a722348bd6365250fc76c44c716ee4	1722780005439
1437	2	5a9cb440cb5f3201077ba30fa90a993e	1722782705559
1438	2	e568e18a1053db14e645a114e9ad9e07	1722783605201
1439	2	fbbe228968fb7de19d68e91131dee694	1722786305255
1440	2	13bad62cc7f9308969eab7c92d8d47bb	1722787206196
1441	2	569b7c973dbf8e84669c8a14728033fa	1722789906810
1442	2	21aebb49f102939b85ae3f6da57d7735	1722790806935
1443	2	b9448695357d100e5dfa4621d6f381f8	1722793505168
1444	2	be18952797956dc366b52943607fea37	1722794405945
1445	2	e50e9e4c62ff32685b5cf3d2019a6271	1722797105157
1446	2	a09682b3bac8a073cc865fef72101e1a	1722798005526
1447	2	f7eb876ba209c90ff425835b917b1537	1722800705390
1448	2	4bd1fdb624fae0b350239253c99bd058	1722801604976
1449	2	6fbaae0337d469741e7e1b5aae1bc1c7	1722804304924
1450	2	8d460f818266fdc5700310b69f3f5c44	1722805206644
1451	2	f7842f3b39ca87768e4ba931ef21ab9a	1722807905362
1452	2	c30ae02066388dbd3daf2563dbd5b70a	1722808807395
1453	2	d4da0b829c60aa438c87488bf213b27b	1722811505141
1454	2	cf27dc0251896b8815e2a8f3b4b0733b	1722812405662
1455	2	fe3593503d51c25a27334be25875c332	1722815105843
1456	2	e88e4e64b16510144317c34d4fa43579	1722816006259
1457	2	ae4ec158d2d2ae71a494361c58a51c74	1722818705746
1458	2	9ec8725fded8c2a25bbbc4cfb91156b8	1722819606018
1459	2	90827519d62c54b395654c0591a747b4	1722822308568
1460	2	cc5e195aecb4e25e7989d415b3ce7b37	1722823206056
1461	2	c6536090d8b4cae5ffc3ce255cc78c74	1722825905482
1462	2	b7f2d536e6900caee1a693d918c493e9	1722826805350
1463	2	3d94a2ae87adefb195848bea9b9abfca	1722829506474
1464	2	5abe02ceb1819fa56f838d57004394fe	1722830405250
1465	2	f4868954cad448755bd06b51e7e1b16c	1722833107450
1466	2	ef1f21cc605e573621b670d2507d0e85	1722834005626
1467	2	4d275cb1a28b92fc8a0facf0a4b8ca63	1722836706055
1468	2	e17d95913057c731e3a3ee58c390a7ba	1722837605837
1469	2	5f155baff67557d5a3753de695f9657f	1722840307605
1470	2	afe3d6a19a09c3d67c66a8b95fc72ec3	1722841205733
1471	2	67ca398e79aae98963c8581b8ce6326d	1722843909512
1472	2	16b1fe55d2787f4b681a074391f05a1c	1722844805646
1473	2	dab28c22cb00e7fc02a92915123280dd	1722847507848
1474	2	a01c14d720107587a8ee5e0899e25c7c	1722848405907
1475	2	04e11f8af9e4a49be955251131a3addf	1722851105220
1476	2	da531de441a3b5b32a25bcb0a5a938c8	1722852006305
1477	2	67d85456708569cc80fa937a8fb58fb4	1722854707404
1478	2	4843c20647e4d2441506741bdad69030	1722855605860
1479	2	199c219b38a23fd8b53a27fddf1e649c	1722858306652
1480	2	75c0ad212b0a1e9657ac63c4aada3e0d	1722859205492
1481	2	1402af28b0d077c39aa9d249db43de8c	1722861906079
1482	2	f8cc866a9874c32449404be84334a5a8	1722862806315
1483	2	8cc06c9f28c9a0e680c09e600a643555	1722865505821
1484	2	91d4dfa6ee6022039ca07615a28f98a2	1722866405451
1485	2	21395f4945addfde91b49e18c2340dee	1722869105369
1486	2	1d7bd1ac814b48c053db718994d99a2a	1722870005009
1487	2	5037e530bd81320ed6c06f268de42aee	1722872704735
1488	2	f4bbc0b8c06704f4e04e32afb3a68e57	1722873605419
1489	2	d6c67b0768f8ccfdcfec48a4b9f22bc6	1722876307568
1490	2	bf92427544a7422a1acfd5520a2a3947	1722877205545
1491	2	fcfa9888016315a03f7995b1f15d2a0e	1722879905796
1492	2	0680924633cf0184d91572686ae2c48c	1722880805809
1493	2	9a79d8259224d41e926246f38f743e4d	1722883506234
1494	2	0ee70d64a85913801e3021ed03d5bfab	1722884406033
1495	2	f0a48a74d0ddb06f31e1875fb1f152e7	1722887104766
1496	2	6f57cc6d9b059394c582964b43b20304	1722888005483
1497	2	0713a7a20cd7b9c796cacb65c619f5c4	1722890706018
1498	2	3e2330cb915fe013a49ff72edb4d40ec	1722891606154
1499	2	f2c8ea9fab5873c73563f398ce2c9738	1722894305221
1500	2	52f6a7b635d1f70524e488d03361c4f1	1722895206132
1501	2	296fd4f006ab581461f70a200c6e6094	1722897905619
1502	2	2350d4e514bbbe1db0f648745a39de5c	1722898807090
1503	2	b080efe98f8af7729fc8d890ee301549	1722901505069
1504	2	bbad04d32b7d8a7fa3d3444b616f76c4	1722902405998
1505	2	045a7b08d186b68ad335eab975701449	1722905105129
1506	2	376100ff34d02ac398b8ee91862c7799	1722906005083
1507	2	a4a1d5d76adeb2f0ab1bda54a898cf3a	1722908706883
1508	2	6e44c26b0a0571214bb025123bc071b5	1722909607062
1509	2	62c444dd89e233454cbdc28d777e878a	1722912305000
1510	2	3343355b2160ef1da55d439034484753	1722913205582
1511	2	c95d25a60c2a73fcc8cf988217e2a1be	1722915905813
1512	2	187a0e758c88a96024e881925fcafa05	1722916805649
1513	2	187fa45e482abfc7e87b301095366811	1722919504808
1514	2	695fd705eb5a196f816ea890af269acf	1722920405428
1515	2	b32407f56e85c114e574ee0474e10e3a	1722923105414
1516	2	97be4328da2f1419d93db22a9e669e01	1722924006335
1517	2	6cfc38c13b00e712bc62eeacd4f2567d	1722926706931
1518	2	44179b512cc2d34d3a9c404fcc82f436	1722927605781
1519	2	968a16ea8eca4ec43a7dbbaad7c21b97	1722930306787
1520	2	f4cdf4c95b749e32b3b27bb62221682d	1722931206058
1521	2	77a8f764c5b3d3bf6aadd8df39bc0dbf	1722933906296
1522	2	07289b3b518711078e0aa00c3f30831f	1722934805026
1523	2	449339a82463533223f6a23c04e20f9f	1722937505459
1524	2	b5c6675c7f7711e3df59d3ab9f6aa928	1722938405920
1525	2	4ff3da5af546ec021e5931e8a59f8d0f	1722941104994
1526	2	59ea6031d4711226dba0ad5b456cebf3	1722942005885
1527	2	d94cbcd2ab2a9e9cefd9175178b5d6bc	1722944706241
1528	2	7360ec81520785b20ef2303eed8bb58c	1722945605137
1529	2	2511c66b6e5d70ff1babb3433f4d9469	1722948305517
1530	2	3e573cb33aeb9c53d659e8b208c2d4e9	1722949209945
1531	2	183e5d83240ea4ba7fe5af03a94bb8e9	1722951912729
1532	2	ecbcc8303808e325af66a9a320ed16bf	1722952809569
1533	2	4c4c6912de7d288e88d24e34cb390c28	1722955506110
1534	2	758809a45cb8fb9a61867b7640a079ae	1722956406079
1535	2	70edb747b96ce50fe3169d01c851e27b	1722959107410
1536	2	739dc98a0db3fad511a2abf238779a8a	1722960005942
1537	2	7c2f7547ef25aa3114e1c4b7115633e5	1722962709302
1538	2	54655b485cd45cb1d853d558d3e73c20	1722963608194
1539	2	33c46a02c8a0f10ce0e16e70d4114cd6	1722966305206
1540	2	1cc716c8b67201bc7a717b1d85c7aaa2	1722967206302
1541	2	faa3c468b2c5cb7463b3eece8968e027	1722969906316
1542	2	f1561e898e4b56bdafa1cd1a9cd3e005	1722970805714
1543	2	4b82d3e304c74e444f0d861946c2d146	1722973505589
1544	2	3c427c95a9e16ff3a90b3e20c1a50945	1722974405562
1545	2	a02862ba7ff85fc698ed856d76cbeccf	1722977105934
1546	2	2f11d2decd3846b1d581df1d7ecd69d5	1722978008803
1547	2	f3db9efabdfba350f3ea21f89032e2a0	1722980705924
1548	2	a6c9e58152203c282f6528f532ee1ec3	1722981605766
1549	2	c23b62d17e89930aad7fc909fc1b56f0	1722984306054
1550	2	4991d33016ccc8540e09feed90c4f2f4	1722985205741
1551	2	c3ac33ed4a33cb765311ec66285ed527	1722987905332
1552	2	2edc6148936ba13eeee1a637ea884dd9	1722988805321
1553	2	4b20b9c613fec87d43d1c2ccc3eebf7c	1722991505545
1554	2	0b8d3e183ba6e79cada4f3994af16934	1722992405983
1555	2	c912de8c9ab679bdaa35e8d7341a0817	1722995107013
1556	2	233c480efeecf231ec4816f6196fa736	1722996005787
1557	2	e61d6afb33d5b9b43aa8b200e812cb1a	1722998706144
1558	2	d094315bf6e4227e0d15ccb7c58aebe9	1722999605673
1559	2	5437db7ea6653e733ae00616e3723b97	1723002305545
1560	2	46b4abd598c6d9b83f89cf87f61ea336	1723003205506
1561	2	d6ec98e363338a854c0eff4da3bc04a5	1723005905639
1562	2	75bae369f46e92dd076b36aa5eceece0	1723006805137
1563	2	f7a57200b66383dc3cee5b25ce5021ff	1723009505053
1564	2	b3826e110bb50df423dbe5d7ad36335e	1723010406132
1565	2	fd94f3b3aa7615c3a03a405394a734a2	1723013105587
1566	2	d0c7580b65ecdeb4a21f6c6cec5431d0	1723014005863
1567	2	e61c3937718478d816eb9ead25d1abe3	1723016706707
1568	2	bc08dd2a3b13627a6d3f550d438745e2	1723017605819
1569	2	998f3d0c0d8419c649d599075145bb7b	1723020305209
1570	2	1d7137ca42ea5245def8e7840c79275c	1723021208014
1571	1	3165e3bb47f2ead36edbd09255cd8042	1723022166697
1572	2	d5d12d78852f0e6f1b198ec19e689b1d	1723023907394
1573	2	9b3dce147ebdc392ed8a64ea96a709d0	1723024805824
1574	2	8571a13294a10880dead959c9112d312	1723027505305
1575	2	2c6a70c589e7289e8b011593d660c9b3	1723028406221
1576	2	fbc4669e897c321ecb1c8c78fd0519d5	1723031106640
1577	2	cc7972c1e3b1ed51301f1d250d163116	1723032012371
1578	2	ec8aaffac2d2402095bd4bc90db3260d	1723034706240
1579	2	647d5b9bfd48f13a16ff38fda42d9296	1723035607726
1580	2	2c06c4b136738f5ab705c3c33d592b39	1723038305920
1581	2	58371fc7cf666bc0010338e0f5f21e1d	1723039205861
1582	2	264c0b0598863b101619b00dd41bcfef	1723041905331
1583	2	5d64fed93b8bbd8ea3e824285d9e5920	1723042805223
1584	2	35087441c2b00673ab620a2b8940dd28	1723045515497
1585	2	8c070b7b7487eef18ee4175dd840db02	1723046406077
1586	2	826293126358a0ca60d303a6dea103a5	1723049109716
1587	2	36c48dbe0b2e514a0c680311af4835eb	1723050006092
1588	2	705ad9e9157b562cf97d8da9741e4411	1723052705189
1589	2	3224bc6e429d55dace6ae76e0b0b4971	1723053605904
1590	2	c2946db873a15cdb4bdccf9d7efe723a	1723056306043
1591	2	3df9502f3beb17e7dd9e5a608f8edb1b	1723057206174
1592	2	ff34a80df4858c2593c8fb60deaff0ba	1723059905233
1593	2	1853b4f8a7180e074f67fb69f8da99bc	1723060806767
1594	2	f7741f2943430167985cd4ef11267e28	1723063506274
1595	2	a88f4c9bc2bb67f9fea1561ef4ec5196	1723064405978
1596	2	9573a4c3e934664199dd49c8a005632b	1723067105128
1597	2	19d48480663f17f0219cfada3653f7f5	1723068006214
1598	2	bb035a7bb4a215a1a694be8390b51924	1723070705412
1599	2	72f2f9e4504fc816dd3ac0506040e5b0	1723071605967
1600	2	114a975b8b510defe1da6c4892f1a24c	1723074305624
1601	2	0b5f06db5ab7bc522395304bb927cf36	1723075206711
1602	2	ea26239bb51b1ff761002cbf2774a8da	1723077905544
1603	2	f69cffef7ab817264f8f67a72c65198b	1723078806226
1604	2	ae8527a852afc1f7b9ebb718d854685c	1723081507090
1605	2	cd8384266ce2515ab98ad232dc8e8708	1723082405949
1606	2	37cdb79b2d23a0a858c34ebfb655291c	1723085105588
1607	2	400b1c5c57d12ad0bb4533ed68492eef	1723086005452
1608	2	9d97e1003db84d4b3b916dcd4944987c	1723088705208
1609	2	01753d1371436f3a9e82c15ca27ed103	1723089605790
1610	2	81ab0839bcef5f09543c4854c6e6f538	1723092305989
1611	2	d8212b7a96185869f6ad3b0af662ec1e	1723093206193
1612	2	17eaa407ec39edc2bb265f55893e8ec9	1723095905242
1613	2	ec6cdb8edd0911d3258441fa0b636a9b	1723096806589
1614	2	12de5ac5a3759d08c3f241ff1ea648c1	1723099506407
1615	2	3957e86cf5999084e39c358541916bfc	1723100407026
1616	2	ed9c16559d986e0beff2619895722268	1723103105779
1617	2	e52587bb27c2908c1999b28e14dcff04	1723104005973
1618	2	18c53b4dc3bbbaac3415ba5a5ee9301c	1723106711789
1619	2	7ed221b4af15cc4e29e5ece03befd7f9	1723107605690
1620	2	ed75ea3ef80ab630689a5052ec3a9b50	1723110305768
1621	2	12517c7485338805c83dc7f6bcc55490	1723111206122
1622	2	635205422bee8b4c19a9245aeedcf367	1723113905678
1623	2	b44d346b64c84da653e63497430c5e44	1723114805964
1624	2	466ab8ffce12f3727b541d1310d68231	1723117507021
1625	2	468b3197dea3f561fefc1f5fd263b42d	1723118406075
1626	2	0805d03b3ba7e4c7cbda918c031e86fc	1723121105770
1627	2	a6c6a06df07e9cedfcff6a7ed461f9b9	1723122006843
1628	2	beb09e20304cb6d83bf33ac197ed055c	1723124705755
1629	2	cadc36bfbe65c31b59eae939d4c6d58b	1723125610619
1630	2	8d7391293d8da21535049688b29ee55c	1723128306365
1631	2	e74d197bbda9affc1be7f2295d0dae71	1723129210188
1632	2	5ba73bfc8f45299abff157956bf63f57	1723131905693
1633	2	fbccb00e58e2416feb04af6d1a7b03c2	1723132807330
1634	2	ba40bcc63652b8bd6d1a8a7d124d0952	1723135508278
1635	2	281b9b1d57c14ea5c9702c5af9d68c7f	1723136406470
1636	2	3cefa2e542704e1bdb94a3ea359abb4a	1723139105923
1637	2	fc075b156f5bf81c04a749eb7dc4cb05	1723140007937
1638	2	d059c6275d0d2503c9c75e7bdfd45025	1723142705376
1639	2	ac2e295912ab71de6f58f05ec3100421	1723143607723
1640	2	55a08a67a31dc70c318453b41177ea09	1723146308200
1641	2	d6e6f7218607ca6bdb17c82a7afed0f6	1723147206466
1642	2	079da1bca94e331c195f1791a78ab840	1723149905802
1643	2	bccf7b6db67e43370cf842f4f9d5359e	1723150807248
1644	2	84e42deea0c3f3b9791a3d38409b520a	1723153507546
1645	2	94e5c39d05be5ba215bfea2ee91f8dcd	1723154407111
\.


--
-- Data for Name: users; Type: TABLE DATA; Schema: public; Owner: postgres
--

COPY public.users (id, partner_id, name, surname, lastname, type, created, accreditation, organization, grade, country, city, passport, mail, "timestamp", activity, phone) FROM stdin;
121	\N	Ольга	Валова	Александровна	attendees	f	f	АССОЦИАЦИЯ ГОЛЬФА РОССИИ	Руководитель направления по взаимодействию с регфедерациями	Россия	Москва	\N	o.valova@rusgolf.ru	1720309934774	\N	+79629920606
125	\N	Игорь	Горшков	Николаевич	attendees	f	f	ПАО "СЭЗ ИМ. СЕРГО ОРДЖОНИКИДЗЕ"	советник генерального директора по специальным проектам	Россия	Саратов	\N	19610709@mail.ru	1720595665734	\N	+79269387080
46	\N	Татьяна	Сорокина	Анатольевна	attendees	f	f	ГЛАВКОНТРОЛЬ	Первый заместитель начальника	Россия	Москва	\N	SorokinaTA@mos.ru	1719572296950	\N	8(964)5567700
133	\N	Фильштинская	Мария		attendees	f	f	ООО "КНС ГРУПП"	топ менеджер	Россия	Москва	\N	order@kns.group	1721634552599	\N	+79032959639
135	\N	Андрей	Филиппов	Андреевич	attendees	f	f	АНО "ЦИФРОВАЯ ЭКОНОМИКА"	Заместитель директора по международному сотрудничеству	Россия	Москва	\N	afilippov@data-economy.ru	1721719960887	\N	+79853664516
137	\N	Татьяна	Трофимова	Борисовна	attendees	f	f	ООО "ПРОЕКТ "МАРС"	Генеральный директор	Россия	Обнинск	\N	tbtrofimova@gmail.com	1721808684484	\N	+79533325050
139	\N	Сергей	Владимиров	Васильевич	attendees	f	f	ООО "КОРПОРАЦИЯ РАЗВИТИЯ "ЮГ-ИНВЕСТ"	Руководитель проектов	Россия	Краснодар 	\N	ekaterina.solntseva@rogsibal.ru	1721810550219	\N	89892155479
89	\N	Елена	Сокольникова	Александровна	attendees	f	f	ООО АПК "РУССКИЙ ОГОРОД"	Самозанятый	Россия	Москва	\N	xlio@mail.ru	1720097691146	\N	+79039647804
153	\N	Марха	Исмаилова	\N	attendees	t	f	\N	\N	\N	\N	\N	Marhaismailova243@gmail.com	1721830285422	\N	79328635889
154	\N	Дарья	Бачинская	\N	attendees	t	f	\N	\N	\N	\N	\N	bach.daria@icloud.com	1721830285422	\N	79034167771
155	\N	Елизавета	Королева	\N	attendees	t	f	\N	\N	\N	\N	\N	lisaking10@yandex.ru	1721830285422	\N	79774719916
156	\N	Алина	Шарафетдинова	\N	attendees	t	f	\N	\N	\N	\N	\N	Alin5sep@hotmail.com	1721830285422	\N	79852158178
157	\N	Елизавета	Фирсова	\N	attendees	t	f	\N	\N	\N	\N	\N	firsova.liza.10@mail.ru	1721830285422	\N	79787660902
158	\N	Алина	Далтаева	\N	attendees	t	f	\N	\N	\N	\N	\N	m2210195@edu.misis.ru	1721830285422	\N	79374692585
159	\N	Снежана	Шавкунова	\N	attendees	t	f	\N	\N	\N	\N	\N	goldsnesha@gmail.com	1721830285422	\N	79506433296
160	\N	Александр	Мундт	\N	attendees	t	f	\N	\N	\N	\N	\N	alexmundt.moscow@gmail.com	1721830285422	\N	79165270807
161	\N	Екатерина	Соколова	\N	attendees	t	f	\N	\N	\N	\N	\N	esokolova@sbercity.ru	1721830285422	\N	79653013473
162	\N	Александр	Патрушев	\N	attendees	t	f	\N	\N	\N	\N	\N	Alexandr@patrushev.org	1721830285422	\N	79602512841
163	\N	Анастасия	Дубровская	\N	attendees	t	f	\N	\N	\N	\N	\N	dubrovskayaanastasia@yandex.ru	1721830285422	\N	79645993656
164	\N	Карина	Таюпова	\N	attendees	t	f	\N	\N	\N	\N	\N	k-tayupova@yandex.ru	1721830285422	\N	79154145522
165	\N	Яков	Самодуров	\N	attendees	t	f	\N	\N	\N	\N	\N	yakov.samodurov@mail.ru	1721830285422	\N	79202194040
166	\N	Дмитрий	ЧЕРНЫШОВ	\N	attendees	t	f	\N	\N	\N	\N	\N	616458@mail.ru	1721830285422	\N	79379990013
167	\N	Вилена	Галкина	\N	attendees	t	f	\N	\N	\N	\N	\N	vilena.galkina@geropharm.com	1721830285422	\N	79652285880
168	\N	Бели	Нгие Мпу	\N	attendees	t	f	\N	\N	\N	\N	\N	belinguie@yandex.ru	1721830285422	\N	79997148475
169	\N	Эдуард	Ямбулатов	\N	attendees	t	f	\N	\N	\N	\N	\N	yambulatovei@gmail.com	1721830285422	\N	79636166283
170	\N	Алёна	Ямбулатова	\N	attendees	t	f	\N	\N	\N	\N	\N	akhadova2016@yandex.ru	1721830285422	\N	79099574310
171	\N	Коншина	Инна	\N	attendees	t	f	\N	\N	\N	\N	\N	inna2363@gmail.com	1721830285422	\N	79158167475
122	\N	Дарья	Фомина	Кирилловна	attendees	f	f	ФГБОУ ВО МГЛУ	Студент	Россия	Москва	\N	91671799@mail.ru	1720387990770	\N	+7(916)717-99-28
124	\N	Эдуард	Аванян	Александрович	attendees	f	f	ФОНД ИНТЕГРАЦИОННОГО РАЗВИТИЯ АТР	Учредитель 	Россия	Moscow	\N	avanyan@gubkin.ru	1720439233336	\N	89857674265
126	\N	Евгений	Серый	Самуилович	smi	f	f	ООО ДЕЛОВАЯ ГАЗЕТА "ВЗГЛЯД"	Рук. отдела информации, гл. редактор сайта	Россия	Россия	\N	info@delmoscow.ru	1720603273296	\N	+79104735453
132	\N	Мария	Соколова		attendees	f	f	ООО "СПИРИТ КОРП"	маркетолог	Россия	Москва	\N	msokolova@spiritdsp.com	1721337594244	\N	89150594612
134	\N	Екатерина	Артемова	Алексеевна	attendees	f	f	АО "ИНФОВОТЧ"	Руководитель направления по стратегическим партнерствам	Россия	Москва	\N	ekaterina.artemova@infowatch.com	1721651034745	\N	89111953297
138	\N	Константин	Багаев	Николаевич	attendees	f	f	ООО "КОРПОРАЦИЯ РАЗВИТИЯ "ЮГ-ИНВЕСТ"	Заместитель генерального директора по девелопменту	Россия	Краснодар 	\N	ekaterina.solntseva@rogsibal.ru	1721810429529	\N	89182140496
140	\N	Вадим	Зайцев	Аркадьевич	attendees	f	f	ООО "РОГСИБАЛ"	Советник Генерального директора 	Россия	Москва	\N	ekaterina.solntseva@rogsibal.ru	1721810613257	\N	89851556119
142	\N	Валентина	Филиппенко	\N	attendees	t	f	\N	\N	\N	\N	\N	filvalentinaofficial@gmail.com	1721830285422	\N	79877427172
143	\N	Лиана	Кизирбозунц	\N	attendees	t	f	\N	\N	\N	\N	\N	liana.kizirbozunc@mail.ru	1721830285422	\N	79397359558
53	\N	Стефан	Вукович	Игоревич	attendees	f	f	ООО "ЕДЦ"	Президент Евразийского дипломатического центра 	Российская Федерация 	Екатеринбург 	\N	stefan.vukovic@mail.ru	1719617082332	\N	+79222156077
144	\N	Мария	Гончарова	\N	attendees	t	f	\N	\N	\N	\N	\N	mariia.goncharova04@gmail.com	1721830285422	\N	79105540404
78	\N	Александр	Зисманов		attendees	f	f	ООО "НСГП"	Менеджер IT-проектов	РФ	Москва	\N	al-zismanov@mail.ru	1719840317287	\N	+79032068153
88	\N	Николаевич	Евгений	Сапунов	attendees	f	f	ГАУК Г.МОСКВЫ "ПАРК "ЗАРЯДЬЕ"	Главный ландшафтный архитектор	Россия	Москва	\N	e.sapunov@zaryadyepark.ru	1719995620867	\N	+79166971259
90	\N	Сергей	Сокольников	Викторович	attendees	f	f	ООО ЧОП "ГУДГАРД"	Самозанятый	Россия	Москва	\N	xlio72@mail.ru	1720097821223	\N	+79268413240
39	\N	Мария	Балашова	Александровна	attendees	f	f	ГКУ "СФК ДКМ"	начальник отдела	Россия	Москва	\N	ВalashovaMA3@culture.mos.ru	1719567380164	\N	89164248350
41	\N	Ирина	Тимощенко	Владимировна	attendees	f	f	ГКУ "СФК ДКМ"	Начальник отдела ведомственного контроля в сфере закупок	Россия	Москва	\N	TimoschenkoIV@culture.mos.ru	1719567720810	\N	89269419888
42	\N	Юлия	Гулькова		attendees	f	f	ГКУ "СФК ДКМ"	заместитель начальника отдела	Россия	Москва	\N	GulkovaYY@culture.mos.ru	1719567724422	\N	+7985-023-12-71
108	\N	Анастасия	Башкатова	Геннадьевна	smi	f	f	РЕДАКЦИЯ ГАЗЕТЫ "НЕЗАВИСИМАЯ ГАЗЕТА"	Заместитель заведующего отделом экономики 	Россия 	Москва	\N	7bga@rambler.ru	1720126436400	\N	+79166415517
110	\N	Татьяна	Степанова	Игоревна	attendees	f	f	РОССОТРУДНИЧЕСТВО	Управление общественной дипломатии	Россия	Москва	\N	stepanova1983@yandex.ru	1720173191632	\N	+79152032874
120	\N	Евгений	Ковалев	Евгеньевич	attendees	f	f	МОСКОВСКИЙ ПЕДАГОГИЧЕСКИЙ ГОСУДАРСТВЕННЫЙ УНИВЕРСИТЕТ, ФГБОУ ВО "МПГУ", МПГУ	Заместитель директора института математики и информатики 	Россия 	Москва	\N	ekovalev@yandex.ru	1720195405318	\N	89161248349
145	\N	Роман	Акиньшин	\N	attendees	t	f	\N	\N	\N	\N	\N	akroman.d77@gmail.con	1721830285422	\N	79775803055
146	\N	Александр	Меркулов	\N	attendees	t	f	\N	\N	\N	\N	\N	fkkb-1@yandex.ru	1721830285422	\N	79169892826
147	\N	Роман	Романовский	\N	attendees	t	f	\N	\N	\N	\N	\N	historianroman@yandex.ru	1721830285422	\N	79152463354
148	\N	Матвей	Ракшин	\N	attendees	t	f	\N	\N	\N	\N	\N	m.r.rakshin@gmail.com	1721830285422	\N	79852178703
149	\N	Наталья	Пенкина	\N	attendees	t	f	\N	\N	\N	\N	\N	tashka2001@mail.ru	1721830285422	\N	79161935261
150	\N	Маргарита	Ушакова	\N	attendees	t	f	\N	\N	\N	\N	\N	 mnushakova2021@mail.ru	1721830285422	\N	79067936403
45	\N	Елена	Волкова	Анатольевна	attendees	f	f	ГКУ "СФК ДКМ"	директор	Российская Федерация	Москва	\N	VolkovaEA6@culture.mos.ru	1719569131051	\N	892684320820
151	\N	Ольга	Шувалова	\N	attendees	t	f	\N	\N	\N	\N	\N	o.s.shuvalova@gmail.com	1721830285422	\N	79215919000
152	\N	Ибрагим	Маг	\N	attendees	t	f	\N	\N	\N	\N	\N	ibrix.777.zero@gmail.com	1721830302815	\N	79056388034
128	2	Илья	Сидоров	Кириллович	partner	f	f	ООО "ТТ-ТРЭВЕЛ"	Вы	\N	\N	8800555353	\N	1721993425587	\N	\N
172	\N	Коншин	Валерий	\N	attendees	t	f	\N	\N	\N	\N	\N	inna_63@mail.ru	1721830285422	\N	79109951063
173	\N	Даниил	Саенко	\N	attendees	t	f	\N	\N	\N	\N	\N	saend@list.ru	1721830285422	\N	79266010455
174	\N	Ирина	Долгих	\N	attendees	t	f	\N	\N	\N	\N	\N	angelenochek2007@mail.ru	1721830285422	\N	79261469777
175	\N	Сергей	Кондратьев	\N	attendees	t	f	\N	\N	\N	\N	\N	sergeybizness6484@gmail.com	1721830285422	\N	79859496484
176	\N	Константин	Лосев	\N	attendees	t	f	\N	\N	\N	\N	\N	fanciercastle@gmail.com	1721830285422	\N	79996662826
177	\N	Ксения	Беликова	\N	attendees	t	f	\N	\N	\N	\N	\N	belikovaksenia@yandex.ru	1721830285422	\N	79162441978
178	\N	Дарья	Тарасова	\N	attendees	t	f	\N	\N	\N	\N	\N	tarasovada88@gmail.com	1721830285422	\N	79031111236
179	\N	Святослав	Сизов	\N	attendees	t	f	\N	\N	\N	\N	\N	sassvatoslav157@gmail.com	1721830285422	\N	79099192160
180	\N	Даниил	Скорняков	\N	attendees	t	f	\N	\N	\N	\N	\N	lefti66666666@gmail.com	1721830285422	\N	79958808776
181	\N	Алёна	Скорнякова	\N	attendees	t	f	\N	\N	\N	\N	\N	Alyona-di@mail.ru	1721830285422	\N	79037483088
182	\N	Денис	Басангов	\N	attendees	t	f	\N	\N	\N	\N	\N	report.izak@yandex.ru	1721830285422	\N	79999698739
183	\N	Владислава	Верзунова	\N	attendees	t	f	\N	\N	\N	\N	\N	vlada.verzunova@yandex.ru	1721830285422	\N	79103641769
184	\N	Наталья	Прокофьева	\N	attendees	t	f	\N	\N	\N	\N	\N	pnv.gov@ya.ru	1721830285422	\N	79165089668
185	\N	Валерия	Волох	\N	attendees	t	f	\N	\N	\N	\N	\N	valeriavolokh@yandex.ru	1721830285422	\N	79688234479
186	\N	Анжелика	Медведева	\N	attendees	t	f	\N	\N	\N	\N	\N	vernova_valentin@mail.ru	1721830285422	\N	79636192771
187	\N	Ерванд	Чатоян	\N	attendees	t	f	\N	\N	\N	\N	\N	yer-king@list.ru	1721830285422	\N	79035084083
188	\N	Виталий	Синицын	\N	attendees	t	f	\N	\N	\N	\N	\N	vitaliy.sinicyn.75@mail.ru	1721830285422	\N	79663776662
189	\N	Юлия	Заяц	\N	attendees	t	f	\N	\N	\N	\N	\N	zayats@ukproject.ru	1721830285422	\N	79032733110
190	\N	Дмитрий	Ленский	\N	attendees	t	f	\N	\N	\N	\N	\N	79513850654@yandex.ru	1721830285422	\N	79513850654
191	\N	Любовь	Синицина	\N	attendees	t	f	\N	\N	\N	\N	\N	it-npoe@npoe.ru	1721830285422	\N	83513288822
192	\N	Дарья	Кравцова	\N	attendees	t	f	\N	\N	\N	\N	\N	dashakravtsova@mail.ru	1721830285422	\N	9161148682
193	\N	Саид	Гусейнов	\N	attendees	t	f	\N	\N	\N	\N	\N	sgusejnov22@gmail.com	1721830285422	\N	79882651804
194	\N	Владимир	Инютин	\N	attendees	t	f	\N	\N	\N	\N	\N	iniutinvv@gmail.com	1721830285422	\N	79030253413
195	\N	Даниил	Сухинин	\N	attendees	t	f	\N	\N	\N	\N	\N	daniil.sukhinin@gmail.com	1721830285422	\N	79265404858
197	\N	Ирина	Дёмина	\N	attendees	t	f	\N	\N	\N	\N	\N	iracronos@bk.ru	1721830285422	\N	79161805651
198	\N	Daouda	Gueye	\N	attendees	t	f	\N	\N	\N	\N	\N	daouda.gueye5@gmail.com	1721830285422	\N	33695439237
199	\N	Ольга	Махотина	\N	attendees	t	f	\N	\N	\N	\N	\N	Olgamahotina@yandex.ru	1721830285422	\N	79192970801
200	\N	Илья	Дуничкин	\N	attendees	t	f	\N	\N	\N	\N	\N	ecse@bk.ru	1721830285422	\N	79804892372
201	\N	Александр	Калинников	\N	attendees	t	f	\N	\N	\N	\N	\N	gedonis@rambler.ru	1721830285422	\N	79191071009
202	\N	Александр	Ирха	\N	attendees	t	f	\N	\N	\N	\N	\N	aleksandr-irha@mail.ru	1721830285422	\N	9277735858
203	\N	Федор	Слетов	\N	attendees	t	f	\N	\N	\N	\N	\N	fedorsletov@yandex.ru	1721830285422	\N	79852513559
204	\N	валентина	романова	\N	attendees	t	f	\N	\N	\N	\N	\N	vnr0709@mail.ru	1721830285422	\N	79160655003
205	\N	Галина	КРЮКОВА		attendees	f	f	ООО "СПИРИТ КОРП"	Генеральный директор	Россия	Москва	\N	krukova@spiritdsp.com	1721832089111	\N	89629076882
243	\N	фамилия	Имя	отчество	attendees	f	f	ООО "ТЕСТ "TEST, LTD"	test	Россия	Санкт-Петербург	\N	test@mail.ru	1722944436707	\N	+79991234567
206	\N	Вилена	Галкина	Викторовна	attendees	f	f	ООО "ГЕРОФАРМ"	Директор по взаимодействию с органами госвласти	Россия	Москва	\N	vilena.galkina@geropharm.com	1721900371893	\N	+79652285880
207	\N	Наталия	Булахтина	Васильевна	attendees	f	f	ООО "ПРОЕКТ "МАРС"	Заместитель директора	РФ	Обнинск	\N	marsobninsk@yandex.ru	1721903015280	\N	+79105168843
208	\N	Александра	Интролигатор	Яковлевна	attendees	f	f	ООО "КНС"	директор по маркетингу	Россия	Москва	\N	order@kns.group	1721910310526	\N	+79167858334
209	\N	Леонид	Калимуллин	Вячеславович	speacker	f	f	МОССТАТ	Руководитель	Россия	Москва	\N	77.abramovaaa@rosstat.gov.ru	1721914609163	\N	8-962-175-56-16
210	\N	Анастасия	Абрамова	Андреевна	attendees	f	f	МОССТАТ	Помощник руководителя	Россия	Москва	\N	77.abramovaaa@rosstat.gov.ru	1721914676014	\N	+79621755616
211	\N	Раиса	Каменская	Эдуардовна	smi	f	f	ООО "ПРАВОВЫЕ НОВОСТИ"	Корреспондент	Россия	Москва	\N	r.kamenskaya@pravo.ru	1721914676955	\N	+79264021192
212	\N	Кирилл	Бычков	Константинович	attendees	f	f	ПАО "МТС"	Руководитель направления	Россия	Москва	\N	bychkovk@mts.ru	1721919334356	\N	+79164163576
196	\N	Sameer	Javid	\N	attendees	t	f	\N	\N	\N	\N	\N	sameerjavid9906@gmail.com	1721932575413	\N	6006423897
213	\N	Мнацаканян	Матвей		attendees	f	f	ООО "СИГМА"	Руководитель группы разработки	РФ	Мск	\N	lomtok10@gmail.com	1721972723744	\N	8936132085
220	\N	Ольга	Степаненко		attendees	f	f	ООО "ГК ИМПУЛЬС"	Руководитель отдела	Россия	Москва	\N	info@ruby-bed.ru	1722064556014	\N	+79919210727
221	\N	александрович	богдан	ленчук	attendees	f	f	ООО "ЭТАЛОНТЕХНОПАРК - ЛО"	зам.генерального директора	Россия	Moscow	\N	skyland087@yandex.ru	1722140756311	\N	+79167073030
222	\N	Дмитрий	Шаповалов		attendees	f	f	ООО "E&E"	Директор	Россия	Москва	\N	sdv@energy-grp.ru	1722291072433	\N	+79099655665
223	\N	Сибирских	Юлиана		attendees	f	f	АО "ГАЗПРОМНЕФТЬ - МНПЗ"	Директор департамента технологического развития	Россия	Дзержинский	\N	seibirskih@internet.ru	1722319193897	\N	+7915220686
224	\N	Ольга	Павликова	Владимировна	attendees	f	f	ООО "АГЕНТСТВО ПО ПРОДВИЖЕНИЮ"	Генеральный директор	Россия	Москва	\N	eva@trendfox.ru	1722350788574	\N	+79913116590
225	\N	Анастасия	Большова	Владимировна	attendees	f	f	ООО "АГЕНТСТВО ПО ПРОДВИЖЕНИЮ"	Управляющий-партнер	Россия	Москва	\N	ab@trendfox.ru	1722350968204	\N	+79164777907
226	\N	Анна	Абрамова	Владимировна	speacker	f	f	ФГБУ "УЭЗ МИД РОССИИ"	Руководитель Центра	Россия	Москва	\N	a.abramova@inno.mgimo.ru	1722414832099	\N	+79036239515
227	\N	Дарья	Маргелова	Максимовна	attendees	f	f	ООО "ДЕЙТАБЕЙС100К20"	Менеджер по работе с клиентами	Russia	Москва	\N	daria.rhv@bk.ru	1722432405070	\N	89859958277
228	\N	Смирнова	Анастасия		attendees	f	f	ООО "ЮТРЕВЕЛМИ"	Delivery manager 	Россия 	Москва 	\N	reacon_free@gmail.ru	1722533343796	\N	89166244956
229	\N	Наталья	Сазонова	Борисовна	speacker	f	f	ФГБОУ ВО "ПЯТИГОРСКИЙ ГОСУДАРСТВЕННЫЙ УНИВЕРСИТЕТ", ФГБОУ ВО "ПГУ", ПЯТИГОРСКИЙ ГОСУДАРСТВЕННЫЙ УНИВЕРСИТЕТ, ПГУ	Преподаватель	Россия	Пятигорск	\N	aipkmv@mail.ru	1722596383322	\N	+79187873696
230	\N	Елена	Михневич	Васильевна	attendees	f	f	ООО "ПИЛЛАР-СТРОЙ"	архитектор	Россия	Москва	\N	6810689@gmail.com	1722603292321	\N	+79636810689
231	\N	Сергей	Михневич	Владимирович	attendees	f	f	РСПП, РОССИЙСКИЙ СОЮЗ ПРОМЫШЛЕННИКОВ И ПРЕДПРИНИМАТЕЛЕЙ	Управляющий директор	Росси	Москва	\N	sxzex@yandex.ru	1722603541238	\N	+79032216955
232	\N	Станислав	Новиков	Сергеевич	attendees	f	f	ФГБОУ ВО "РГГУ", РГГУ, РОССИЙСКИЙ ГОСУДАРСТВЕННЫЙ ГУМАНИТАРНЫЙ УНИВЕРСИТЕТ	студент	Россия	Москва	\N	novikovstas72@yandex.ru	1722614051064	\N	+79162734622
233	\N	Юлия	Шестакова	Георгиевна	attendees	f	f	ГБОУ ШКОЛА № 1298 "ПРОФИЛЬ КУРКИНО"	Ученик	Россия	Москва	\N	shestakova.juliya@mail.ru	1722701809535	\N	+79256201337
234	\N	Astanin	Mikhail		attendees	f	f	АНО "КРЕАТИВНАЯ ЭКОНОМИКА"	Project manager	Russia	Moscow	\N	mikhailastanin123@gmail.com	1722846315214	\N	89293952480
235	\N	Анастасия	Педанова	Александровна	attendees	f	f	ФОНД "КОНТЕНТ"	Руководитель проекта	Россия	Москва	\N	anastasyapedanova@gmail.com	1722857604422	\N	+79998486081
236	\N	Анастасия	Соболева	Михайловна	attendees	f	f	ФОНД "КОНТЕНТ"	Участник	Россия	Москва	\N	anmisoboleva@edu.hse.ru	1722862463256	\N	89121174251
237	\N	Andrei	Shevtsov		attendees	f	f	ФОНД "КОНТЕНТ"	Senior Data Analyst	Russia	Moscow	\N	shevtsov.andrei.a@gmail.com	1722862560753	\N	+79175988273
238	\N	Алина	Маслова	Олеговна	attendees	f	f	ФОНД "КОНТЕНТ"	Студент	Россия	Москва	\N	maslovaalina556@gmail.com	1722862675709	\N	89207136420
239	\N	Никита	Павлов	Михайлович	speacker	f	f	ФОНД "КОНТЕНТ"	сотрудник головного офиса	Россия	Москва	\N	nika.ss2203@mail.ru	1722862716143	\N	+79649266113
240	\N	Ангелина	Анозина	Сергеевна	attendees	f	f	ФОНД "КОНТЕНТ"	 Резидент	Россия	Москва 	\N	anozinaa@bk.ru	1722863993057	\N	79611997800
241	\N	Ксения	Никандрова	Дмитриевна	attendees	f	f	УНИВЕРСИТЕТ НАУКИ И ТЕХНОЛОГИЙ МИСИС, УНИВЕРСИТЕТ МИСИС, НИТУ МИСИС, МИСИС	Студент 	Россия 	Москва 	\N	nikandrovak2005@mail.ru	1722865282323	\N	89613869324
242	\N	Валерия	Свисткова	Борисовна	attendees	f	f	ООО "РАРИТЕКС"	Бренд менеджер 	Россия	Москва	\N	valeria.swistkowa@yandex.ru	1722932703225	\N	89152953713
244	\N	Игорь	Соловьев	Сергеевич	attendees	f	f	ФОНД "СКОЛКОВО"	Директор ИТ	Россия	Москва	\N	vasrf@mail.ru	1722962093328	\N	+79857612633
245	\N	Даниил	Водолазский	Иванович	attendees	f	f	ПАО СБЕРБАНК	Руководитель направления	Россия	Москва	\N	daniil.vodolazsky@mail.ru	1722971713253	\N	+79538700824
246	\N	Довуд	Ахмадов	Идибекович	attendees	f	f	УНИВЕРСИТЕТ "СИНЕРГИЯ"	Старший специалист 	Россия 	Москва 	\N	sandovud@gmail.com	1723108341065	\N	+79361466807
247	\N	Нелл	Хабусева	Алиюловна	speacker	f	f	ООО"СИТИК ТЕЛЕКОМ СПС РУС"	Директор по маркетингу	Китай	Москва	\N	nelli.khabuseva@citictel-cpc.com	1723123355465	\N	8(985)9876338
248	\N	Николаева	Татьяна		attendees	f	f	ООО"СИТИК ТЕЛЕКОМ СПС РУС"	Менеджер	РФ	Moscow	\N	oxana1006@mail.ru	1723124761273	\N	+79164084060
\.


--
-- Name: accounts_id_seq; Type: SEQUENCE SET; Schema: public; Owner: postgres
--

SELECT pg_catalog.setval('public.accounts_id_seq', 6, true);


--
-- Name: files_id_seq; Type: SEQUENCE SET; Schema: public; Owner: postgres
--

SELECT pg_catalog.setval('public.files_id_seq', 1, true);


--
-- Name: partners_id_seq; Type: SEQUENCE SET; Schema: public; Owner: postgres
--

SELECT pg_catalog.setval('public.partners_id_seq', 4, true);


--
-- Name: tokens_id_seq; Type: SEQUENCE SET; Schema: public; Owner: postgres
--

SELECT pg_catalog.setval('public.tokens_id_seq', 1645, true);


--
-- Name: users_id_seq; Type: SEQUENCE SET; Schema: public; Owner: postgres
--

SELECT pg_catalog.setval('public.users_id_seq', 248, true);


--
-- Name: accounts accounts_pkey; Type: CONSTRAINT; Schema: public; Owner: postgres
--

ALTER TABLE ONLY public.accounts
    ADD CONSTRAINT accounts_pkey PRIMARY KEY (id);


--
-- Name: files files_pkey; Type: CONSTRAINT; Schema: public; Owner: postgres
--

ALTER TABLE ONLY public.files
    ADD CONSTRAINT files_pkey PRIMARY KEY (id);


--
-- Name: accounts login_uk; Type: CONSTRAINT; Schema: public; Owner: postgres
--

ALTER TABLE ONLY public.accounts
    ADD CONSTRAINT login_uk UNIQUE (login) INCLUDE (login);


--
-- Name: partners partners_pkey; Type: CONSTRAINT; Schema: public; Owner: postgres
--

ALTER TABLE ONLY public.partners
    ADD CONSTRAINT partners_pkey PRIMARY KEY (id);


--
-- Name: tokens tokens_pkey; Type: CONSTRAINT; Schema: public; Owner: postgres
--

ALTER TABLE ONLY public.tokens
    ADD CONSTRAINT tokens_pkey PRIMARY KEY (id);


--
-- Name: users users_pkey; Type: CONSTRAINT; Schema: public; Owner: postgres
--

ALTER TABLE ONLY public.users
    ADD CONSTRAINT users_pkey PRIMARY KEY (id);


--
-- PostgreSQL database dump complete
--

